Calendar_Week,Port_ID,categorization,ALL,CONTAINER SHIPS,DRY BREAKBULK,DRY BULK,LNG CARRIERS,LPG CARRIERS,PASSENGER SHIPS,RO/RO,WET BULK,SUPPORTING VESSELS,OTHER MARKETS
2021/21,Felixstowe,Arrive,1.0,1.0,,,,,,,,,
2021/22,Felixstowe,Arrive,1.6,1.5,1.6,,,,,,,,
2021/23,Felixstowe,Arrive,0.2,0.2,,,,,,,,,
2021/24,Felixstowe,Arrive,1.1,1.1,,,,,,,,,
2021/25,Felixstowe,Arrive,0.4,0.4,,,,,,,,,
2021/26,Felixstowe,Arrive,0.7,0.7,,,,,,,,,
2021/27,Felixstowe,Arrive,0.4,0.4,,,,,,,,,
2021/28,Felixstowe,Arrive,1.0,1.0,,,,,,,,,
2021/29,Felixstowe,Arrive,0.6,0.6,,,,,,,,,
2021/30,Felixstowe,Arrive,0.9,0.9,,,,,,,,,
2021/31,Felixstowe,Arrive,0.6,0.6,,,,,,,,,
2021/32,Felixstowe,Arrive,1.6,1.6,,,,,,,,,
2021/33,Felixstowe,Arrive,0.9,1.4,0.2,,,,,,0.6,,
2021/21,Felixstowe,Departure,1.1,1.1,,,,,,,,,
2021/22,Felixstowe,Departure,1.4,1.5,0.8,,,,,,,,
2021/23,Felixstowe,Departure,1.3,1.3,1.5,,,,,,,,
2021/24,Felixstowe,Departure,1.1,1.1,1.0,,,,,,,,
2021/25,Felixstowe,Departure,1.6,1.6,,,,,,,,,
2021/26,Felixstowe,Departure,1.6,1.6,,,,,,,,,
2021/27,Felixstowe,Departure,1.3,1.3,,,,,,,,,
2021/28,Felixstowe,Departure,1.9,1.9,0.4,,,,,,,,
2021/29,Felixstowe,Departure,1.8,1.8,,,,,,,,,
2021/30,Felixstowe,Departure,1.4,1.4,,,,,,,0.2,,
2021/31,Felixstowe,Departure,1.8,1.8,,,,,,,,,
2021/32,Felixstowe,Departure,2.2,2.2,,,,,,,,,
2021/33,Felixstowe,Departure,1.5,1.8,0.3,,,,,,0.3,,
2021/21,Hamburg,Arrive,1.8,,0.3,3.6,,,,,2.3,,
2021/22,Hamburg,Arrive,1.0,1.4,0.6,2.3,,,,,0.8,,
2021/23,Hamburg,Arrive,0.9,1.4,0.2,2.8,,,,,0.3,,
2021/24,Hamburg,Arrive,1.1,0.7,1.2,,,,,,1.2,,
2021/25,Hamburg,Arrive,0.6,4.3,1.9,,,,,0.3,0.6,,
2021/26,Hamburg,Arrive,1.7,1.4,1.0,25.6,,,,,1.7,,
2021/27,Hamburg,Arrive,1.1,2.1,,,,,,,0.9,,
2021/28,Hamburg,Arrive,0.9,0.9,2.5,,,,,1.3,0.5,,
2021/29,Hamburg,Arrive,0.7,1.3,1.1,,,,,1.0,0.3,,
2021/30,Hamburg,Arrive,0.8,0.7,1.0,1.2,,,,,0.5,,
2021/31,Hamburg,Arrive,0.3,,,,,0.5,,,0.1,,
2021/32,Hamburg,Arrive,0.8,0.8,,,,,,,0.8,,
2021/33,Hamburg,Arrive,0.8,0.8,1.0,1.6,,,,,0.3,,
2021/21,Hamburg,Departure,1.4,1.4,1.6,3.2,,,,1.0,1.3,,
2021/22,Hamburg,Departure,1.6,1.9,1.3,3.3,,,,1.2,1.0,,
2021/23,Hamburg,Departure,1.5,1.5,1.4,2.1,,,,1.4,1.2,,
2021/24,Hamburg,Departure,1.4,1.5,1.1,1.5,,,,1.2,1.4,,
2021/25,Hamburg,Departure,1.3,1.6,1.1,2.4,,,,0.6,1.0,,
2021/26,Hamburg,Departure,1.4,1.6,1.3,1.8,,,,1.6,1.0,,
2021/27,Hamburg,Departure,1.3,1.4,1.3,1.7,,,,0.8,1.1,,
2021/28,Hamburg,Departure,1.3,1.4,1.4,5.1,,,,1.3,1.1,,
2021/29,Hamburg,Departure,1.4,1.4,1.5,2.2,,,,0.9,1.1,,
2021/30,Hamburg,Departure,1.3,1.3,1.2,2.1,,,,1.0,1.3,,
2021/31,Hamburg,Departure,1.5,1.6,1.8,1.8,,3.0,,1.1,1.2,,
2021/32,Hamburg,Departure,1.4,1.5,1.3,1.8,,,,1.1,1.0,,
2021/33,Hamburg,Departure,1.3,1.4,1.2,2.3,,,,0.6,1.1,,
2021/21,Los Angeles,Arrive,3.3,4.3,3.9,1.3,,,,,1.4,,
2021/22,Los Angeles,Arrive,3.7,3.3,,4.8,,,,,3.9,,
2021/23,Los Angeles,Arrive,2.6,3.5,,0.7,,,,7.3,0.6,,
2021/24,Los Angeles,Arrive,2.8,5.2,0.5,1.6,,,,,0.7,,
2021/25,Los Angeles,Arrive,3.0,4.2,,,,,,,0.3,,
2021/26,Los Angeles,Arrive,3.8,6.2,0.9,0.6,,,,,4.3,,
2021/27,Los Angeles,Arrive,3.9,3.7,,3.3,,,,,6.0,,
2021/28,Los Angeles,Arrive,3.5,3.4,,5.9,,,,,3.1,,
2021/29,Los Angeles,Arrive,3.6,4.8,,4.3,,,,,1.8,,
2021/30,Los Angeles,Arrive,2.7,2.5,,0.5,,,,,3.1,,
2021/31,Los Angeles,Arrive,4.8,5.5,,0.8,,,,,4.9,,
2021/32,Los Angeles,Arrive,5.7,5.5,,2.0,,,,,6.3,,
2021/33,Los Angeles,Arrive,4.5,5.0,,2.3,,,,,0.5,,
2021/21,Los Angeles,Departure,3.2,5.0,1.8,8.2,,,,0.7,1.3,,
2021/22,Los Angeles,Departure,3.9,5.0,,4.2,,,,0.6,1.9,,
2021/23,Los Angeles,Departure,2.5,5.0,2.4,1.9,,,,2.3,1.8,,
2021/24,Los Angeles,Departure,3.9,5.1,0.6,1.9,,,,0.5,1.5,,
2021/25,Los Angeles,Departure,3.0,4.0,,1.9,,,,0.5,1.2,,
2021/26,Los Angeles,Departure,3.5,4.6,4.0,2.8,,,,0.5,1.2,,
2021/27,Los Angeles,Departure,3.6,6.0,,2.9,,,,0.7,2.3,,
2021/28,Los Angeles,Departure,3.9,5.8,,2.5,,,,0.5,2.3,,
2021/29,Los Angeles,Departure,5.0,5.8,,2.8,,,,,2.0,,
2021/30,Los Angeles,Departure,3.1,4.0,,2.7,,,,0.6,1.9,,
2021/31,Los Angeles,Departure,3.9,4.3,,13.5,,,,0.8,1.4,,
2021/32,Los Angeles,Departure,4.2,5.5,2.5,4.5,,,,0.5,1.4,,
2021/33,Los Angeles,Departure,3.8,6.2,,2.9,,,,0.8,1.8,,
2021/21,Oakland,Arrive,8.9,8.9,,4.8,,,,,,,
2021/22,Oakland,Arrive,9.7,10.8,,3.1,,,,,,,
2021/23,Oakland,Arrive,7.4,7.2,,11.6,,,,,,,
2021/24,Oakland,Arrive,6.1,6.9,,4.0,,,,,,,
2021/25,Oakland,Arrive,7.3,7.3,,,,,,,,,
2021/26,Oakland,Arrive,6.7,6.8,,6.7,,,,,,,
2021/27,Oakland,Arrive,3.8,4.6,1.3,,,,,,,,
2021/28,Oakland,Arrive,4.0,4.0,,,,,,,,,
2021/29,Oakland,Arrive,4.4,4.4,,,,,,,,,
2021/30,Oakland,Arrive,3.8,3.8,,,,,,,,,
2021/31,Oakland,Arrive,9.3,9.3,,,,,,,,,
2021/32,Oakland,Arrive,4.8,4.8,,6.0,,,,,,,
2021/33,Oakland,Arrive,2.1,2.1,,,,,,,,,
2021/21,Oakland,Departure,2.3,2.2,,5.1,,,,,,,
2021/22,Oakland,Departure,2.4,2.2,,6.4,,,,,,,
2021/23,Oakland,Departure,2.8,2.9,,2.4,,,,,,,
2021/24,Oakland,Departure,2.5,2.3,,7.5,,,,,,,
2021/25,Oakland,Departure,3.1,3.1,,,,,,,,,
2021/26,Oakland,Departure,3.6,3.6,0.1,6.4,,,,,,,
2021/27,Oakland,Departure,2.1,2.1,6.2,,,,,,,,
2021/28,Oakland,Departure,2.1,2.1,,,,,,,,,
2021/29,Oakland,Departure,2.0,1.9,,5.1,,,,,,,
2021/30,Oakland,Departure,2.0,2.0,,,,,,,,,
2021/31,Oakland,Departure,2.4,2.4,,,,,,,,,
2021/32,Oakland,Departure,3.5,3.3,,5.7,,,,,,,
2021/33,Oakland,Departure,3.1,3.1,,,,,,,,,
2021/21,Rotterdam,Arrive,1.7,,1.0,6.8,,2.4,,1.5,1.7,,
2021/22,Rotterdam,Arrive,1.0,0.9,0.9,2.5,,1.2,,,0.8,,
2021/23,Rotterdam,Arrive,1.5,1.4,0.2,4.8,,2.3,,,1.4,,
2021/24,Rotterdam,Arrive,1.2,0.5,0.7,6.1,,3.9,,,1.1,,
2021/25,Rotterdam,Arrive,1.0,1.6,0.8,4.6,1.4,0.6,,,0.9,,
2021/26,Rotterdam,Arrive,0.9,,4.4,2.7,0.1,1.1,,,0.8,,
2021/27,Rotterdam,Arrive,1.1,,0.8,6.0,,0.6,,,0.9,,
2021/28,Rotterdam,Arrive,0.9,,,13.4,,0.4,,0.3,1.1,,
2021/29,Rotterdam,Arrive,1.0,,,2.0,,1.1,,,0.5,,
2021/30,Rotterdam,Arrive,0.9,1.2,0.9,2.3,0.5,0.3,,,0.9,,
2021/31,Rotterdam,Arrive,0.8,,0.2,4.9,,0.7,,0.0,1.4,,
2021/32,Rotterdam,Arrive,1.4,,,2.1,,1.0,,,0.9,,
2021/33,Rotterdam,Arrive,0.9,1.1,0.8,2.5,,0.6,,,0.9,,
2021/21,Rotterdam,Departure,1.2,0.3,1.0,5.1,0.6,1.0,0.5,0.2,1.4,,
2021/22,Rotterdam,Departure,1.3,0.3,1.0,6.0,0.7,1.3,0.5,0.2,1.4,,
2021/23,Rotterdam,Departure,1.3,1.6,0.8,7.0,4.4,1.5,0.5,0.5,1.4,,
2021/24,Rotterdam,Departure,1.2,0.5,1.1,4.8,,1.4,0.5,0.3,1.3,,
2021/25,Rotterdam,Departure,1.1,0.2,1.1,4.5,0.8,1.0,0.5,0.3,1.3,,
2021/26,Rotterdam,Departure,1.2,0.0,1.1,4.8,2.4,1.0,0.5,0.4,1.4,,
2021/27,Rotterdam,Departure,1.3,0.5,1.0,6.1,1.6,1.7,0.5,0.4,1.4,,
2021/28,Rotterdam,Departure,1.3,0.5,1.0,5.4,2.5,0.9,0.5,0.1,1.4,,
2021/29,Rotterdam,Departure,1.4,0.7,1.0,7.5,,1.3,0.5,0.2,1.5,,
2021/30,Rotterdam,Departure,1.3,0.1,0.8,5.4,6.5,1.2,0.5,0.2,1.4,,
2021/31,Rotterdam,Departure,1.4,0.3,1.2,3.8,,1.2,0.5,0.3,1.7,,
2021/32,Rotterdam,Departure,1.3,0.3,1.0,5.0,0.5,1.0,0.5,0.2,1.4,,
2021/33,Rotterdam,Departure,1.2,0.3,1.3,3.6,1.1,1.1,0.5,0.2,1.3,,
2021/21,Shanhi,Arrive,1.3,1.0,2.4,1.8,,,,1.5,1.3,,1.4
2021/22,Shanhi,Arrive,1.1,0.9,2.8,2.0,,0.3,,0.7,1.3,,4.1
2021/23,Shanhi,Arrive,1.2,1.2,1.6,1.6,,,0.6,0.9,1.8,,
2021/24,Shanhi,Arrive,1.5,1.5,1.3,1.7,,1.1,,1.5,1.4,,
2021/25,Shanhi,Arrive,1.5,1.3,1.6,3.1,,1.1,0.3,2.3,1.3,,
2021/26,Shanhi,Arrive,1.4,1.3,3.4,1.1,,2.2,,1.6,1.1,,
2021/27,Shanhi,Arrive,1.3,1.3,1.5,1.4,,,,2.0,1.6,,
2021/28,Shanhi,Arrive,1.4,1.0,3.0,1.9,,,,3.7,0.5,,
2021/29,Shanhi,Arrive,1.3,1.1,2.4,1.4,,,,1.2,0.8,4.6,
2021/30,Shanhi,Arrive,1.3,0.9,2.5,2.8,,,,2.4,0.5,,
2021/31,Shanhi,Arrive,1.1,1.1,1.0,1.8,,,,0.9,1.1,,
2021/32,Shanhi,Arrive,3.1,3.5,3.0,3.1,,2.2,,1.5,0.5,,
2021/33,Shanhi,Arrive,3.0,3.3,2.5,3.6,,,,3.8,0.5,,
2021/21,Shanhi,Departure,0.7,0.6,1.9,2.9,1.4,0.6,0.0,0.5,1.1,,11.0
2021/22,Shanhi,Departure,0.7,0.6,3.0,2.8,1.0,21.2,0.0,0.8,1.1,,8.7
2021/23,Shanhi,Departure,0.7,0.6,1.5,3.3,1.4,,0.0,0.6,1.3,,
2021/24,Shanhi,Departure,0.7,0.6,1.1,3.0,14.6,46.8,0.0,1.0,1.1,,
2021/25,Shanhi,Departure,0.7,0.6,1.5,3.3,1.1,48.8,0.0,0.6,1.4,,
2021/26,Shanhi,Departure,0.6,0.6,1.7,2.6,0.3,0.1,0.0,0.7,1.3,,
2021/27,Shanhi,Departure,0.7,0.6,2.0,3.0,1.0,0.8,0.1,1.0,1.1,,
2021/28,Shanhi,Departure,0.6,0.5,1.2,3.0,1.1,17.8,0.0,0.6,1.4,,
2021/29,Shanhi,Departure,0.6,0.6,1.3,2.5,1.0,,0.0,0.5,2.1,11.1,
2021/30,Shanhi,Departure,0.8,0.6,1.8,2.5,,0.7,0.0,0.6,1.2,,
2021/31,Shanhi,Departure,0.7,0.6,2.5,2.4,1.0,,0.0,0.5,1.7,,
2021/32,Shanhi,Departure,0.8,0.6,1.8,2.3,1.6,25.1,0.0,0.9,1.2,,
2021/33,Shanhi,Departure,0.7,0.6,1.4,2.7,1.0,4.1,0.0,0.5,1.3,,
2021/21,Singapore,Arrive,1.5,1.6,0.3,1.6,,0.6,0.0,0.8,1.6,,
2021/22,Singapore,Arrive,1.3,0.9,1.0,0.3,2.0,2.1,0.0,0.0,1.4,0.8,
2021/23,Singapore,Arrive,1.1,0.4,0.6,0.3,1.9,0.9,0.0,0.0,1.4,,
2021/24,Singapore,Arrive,1.0,0.5,0.3,0.3,1.5,1.6,,0.0,1.4,,
2021/25,Singapore,Arrive,1.1,0.7,0.9,0.4,1.5,0.9,0.0,0.5,1.4,,
2021/26,Singapore,Arrive,1.2,0.9,0.3,0.5,0.5,1.5,,0.5,1.3,8.7,
2021/27,Singapore,Arrive,1.4,0.9,1.0,0.9,2.1,0.5,,0.1,1.6,,
2021/28,Singapore,Arrive,1.3,1.3,1.0,0.9,1.5,1.5,0.0,0.3,1.4,,
2021/29,Singapore,Arrive,1.2,1.1,0.6,1.1,2.5,1.0,,0.5,1.3,1.1,
2021/30,Singapore,Arrive,1.4,1.6,0.6,1.7,1.0,1.8,,0.4,1.4,3.2,
2021/31,Singapore,Arrive,1.4,1.5,0.8,0.4,2.0,0.2,,,1.4,,
2021/32,Singapore,Arrive,1.7,1.6,0.7,12.8,15.7,1.0,,0.0,1.7,11.7,
2021/33,Singapore,Arrive,1.2,0.6,0.1,0.7,4.3,0.6,,0.3,1.5,,
2021/21,Singapore,Departure,0.9,1.1,0.7,1.4,,1.4,51.3,0.6,0.7,,
2021/22,Singapore,Departure,0.9,1.1,0.7,2.5,13.5,1.0,28.8,0.7,0.7,10.0,
2021/23,Singapore,Departure,0.9,1.1,0.6,1.1,1.2,1.2,8.5,0.5,0.7,,
2021/24,Singapore,Departure,0.8,1.1,0.7,2.1,33.3,1.0,,0.5,0.7,,
2021/25,Singapore,Departure,0.9,1.2,0.8,0.5,22.3,1.0,24.5,0.5,0.7,,
2021/26,Singapore,Departure,0.9,1.2,0.7,4.5,2.0,1.3,,0.7,0.6,37.1,
2021/27,Singapore,Departure,0.8,1.1,0.8,3.7,1.1,1.0,,0.6,0.6,,
2021/28,Singapore,Departure,0.9,1.1,0.6,6.3,1.1,0.9,42.5,0.5,0.7,,
2021/29,Singapore,Departure,0.9,1.3,0.5,1.7,1.6,1.1,,0.6,0.7,21.0,
2021/30,Singapore,Departure,0.9,1.2,0.7,1.9,29.5,0.9,,0.6,0.7,0.3,
2021/31,Singapore,Departure,0.8,1.2,0.5,4.1,2.3,1.2,,0.6,0.7,,
2021/32,Singapore,Departure,0.9,1.2,0.6,2.1,1.8,1.0,,0.5,0.7,45.3,
2021/33,Singapore,Departure,0.8,1.1,0.6,3.8,1.2,0.9,,0.6,0.6,,
2021/21,Yantian,Arrive,1.1,,,,,,,,1.1,,
2021/22,Yantian,Arrive,5.2,,,,,,,,5.2,,
2021/23,Yantian,Arrive,,,,,,,,,,,
2021/24,Yantian,Arrive,0.1,0.1,,,,,,,,,
2021/25,Yantian,Arrive,2.9,2.9,,,,,,,,,
2021/26,Yantian,Arrive,1.6,1.6,,,,,,,,,
2021/27,Yantian,Arrive,0.1,0.1,,,,,,,,,
2021/28,Yantian,Arrive,0.3,0.3,,,,,,,,,
2021/29,Yantian,Arrive,0.3,0.3,,,,,,,,,
2021/30,Yantian,Arrive,1.1,1.1,,,,,,,9.4,,
2021/31,Yantian,Arrive,2.3,2.3,,,,,,,,,
2021/32,Yantian,Arrive,2.1,2.1,,,,,,,,,
2021/33,Yantian,Arrive,2.0,2.0,,,,,,,,,
2021/21,Yantian,Departure,1.1,1.2,0.5,,,,,,0.4,,
2021/22,Yantian,Departure,2.2,2.3,,,,,,,0.3,,
2021/23,Yantian,Departure,3.3,3.3,,,,,,,,,
2021/24,Yantian,Departure,1.7,1.7,,,,,,,,,
2021/25,Yantian,Departure,2.4,2.4,,,,,,,,,
2021/26,Yantian,Departure,2.0,2.0,,,,,,,,,
2021/27,Yantian,Departure,1.3,1.3,,,,,,,,,
2021/28,Yantian,Departure,1.1,1.1,,,,,,,,,
2021/29,Yantian,Departure,1.1,1.1,,,,,,,,,
2021/30,Yantian,Departure,1.4,1.4,,,,,,,0.5,,
2021/31,Yantian,Departure,1.4,1.4,,,,,,,,,
2021/32,Yantian,Departure,1.3,1.3,,,,,,,,,
2021/33,Yantian,Departure,1.2,1.3,0.7,,,,,,,,
2021/21,longBeach,Arrive,5.1,5.8,,6.0,,,,,0.9,,
2021/22,longBeach,Arrive,3.5,4.3,,1.8,,,,0.0,9.0,,
2021/23,longBeach,Arrive,4.4,4.4,3.0,8.3,,,,,4.1,,
2021/24,longBeach,Arrive,3.0,4.3,2.5,1.7,,,,,2.5,,
2021/25,longBeach,Arrive,4.0,4.4,,8.2,,,,0.9,3.1,,
2021/26,longBeach,Arrive,2.7,2.5,,0.2,,,,0.8,3.3,,
2021/27,longBeach,Arrive,3.1,2.0,0.5,1.3,,,,,4.0,,
2021/28,longBeach,Arrive,4.4,2.9,4.4,3.3,,,,0.1,5.4,,
2021/29,longBeach,Arrive,2.9,2.8,,4.0,,,,,2.6,,
2021/30,longBeach,Arrive,2.0,2.9,,2.0,,,,,0.9,,
2021/31,longBeach,Arrive,3.5,5.2,,3.6,,,,,2.5,,
2021/32,longBeach,Arrive,5.1,4.5,,6.9,,,,,5.1,,
2021/33,longBeach,Arrive,3.0,3.0,,5.3,,,,,2.1,,
2021/21,longBeach,Departure,3.0,3.9,4.5,2.1,,,,,1.4,,
2021/22,longBeach,Departure,2.3,5.0,0.7,3.3,,,,0.5,1.5,,
2021/23,longBeach,Departure,1.6,3.0,1.3,3.9,,,,0.9,1.5,,
2021/24,longBeach,Departure,2.4,3.5,3.5,3.2,,,,0.7,1.5,,
2021/25,longBeach,Departure,2.3,3.0,,3.0,,,,0.5,1.4,,
2021/26,longBeach,Departure,1.7,2.8,1.0,3.4,,,,0.5,1.3,,
2021/27,longBeach,Departure,1.9,2.9,1.5,3.5,,,,0.5,1.3,,
2021/28,longBeach,Departure,1.5,3.7,1.5,5.0,,,,0.5,1.3,,
2021/29,longBeach,Departure,1.9,3.0,,3.8,,,,0.6,1.2,,
2021/30,longBeach,Departure,2.3,3.2,1.2,2.3,,,,1.1,1.3,,
2021/31,longBeach,Departure,2.7,4.4,,1.6,,,,0.7,1.3,,
2021/32,longBeach,Departure,2.1,3.5,,3.6,,,,0.7,1.3,,
2021/33,longBeach,Departure,1.7,2.9,2.2,8.1,,,,0.4,1.2,,
