Product,Timestamp,Dealprice
華為-Mate30,2020-04-21,3999
華為-Mate30-5G,2020-04-21,4499
華為-Mat30Pro,2020-04-21,5899
華為-Mat30Pro-5G,2020-04-21,6399
Vivo-Nex3,2020-04-21,3998
Vivo-Nex3-5G,2020-04-21,4998
三星-Note10,2020-04-21,6299
三星-Note10-5G,2020-04-21,7798
華為-Mate30,2020-04-20,3999.0
華為-Mate30-5G,2020-04-20,4499.0
華為-Mat30Pro,2020-04-20,5899.0
華為-Mat30Pro-5G,2020-04-20,6399.0
Vivo-Nex3,2020-04-20,3998.0
Vivo-Nex3-5G,2020-04-20,4998.0
三星-Note10,2020-04-20,6299.0
三星-Note10-5G,2020-04-20,7798.0
華為-Mate30,2020-04-19,3999.0
華為-Mate30-5G,2020-04-19,4499.0
華為-Mat30Pro,2020-04-19,5899.0
華為-Mat30Pro-5G,2020-04-19,6399.0
Vivo-Nex3,2020-04-19,3998.0
Vivo-Nex3-5G,2020-04-19,4998.0
三星-Note10,2020-04-19,6299.0
三星-Note10-5G,2020-04-19,7798.0
華為-Mate30,2020-04-14,3999.0
華為-Mate30-5G,2020-04-14,4499.0
華為-Mat30Pro,2020-04-14,5899.0
華為-Mat30Pro-5G,2020-04-14,6399.0
Vivo-Nex3,2020-04-14,3998.0
Vivo-Nex3-5G,2020-04-14,4998.0
三星-Note10,2020-04-14,6299.0
三星-Note10-5G,2020-04-14,7798.0
華為-Mate30,2020-04-13,3999.0
華為-Mate30-5G,2020-04-13,4499.0
華為-Mat30Pro,2020-04-13,5899.0
華為-Mat30Pro-5G,2020-04-13,6399.0
Vivo-Nex3,2020-04-13,3998.0
Vivo-Nex3-5G,2020-04-13,4998.0
三星-Note10,2020-04-13,6299.0
三星-Note10-5G,2020-04-13,7798.0
華為-Mate30,2020-04-12,3999.0
華為-Mate30-5G,2020-04-12,4499.0
華為-Mat30Pro,2020-04-12,5899.0
華為-Mat30Pro-5G,2020-04-12,6399.0
Vivo-Nex3,2020-04-12,3998.0
Vivo-Nex3-5G,2020-04-12,4998.0
三星-Note10,2020-04-12,6299.0
三星-Note10-5G,2020-04-12,7798.0
華為-Mate30,2020-04-11,3999.0
華為-Mate30-5G,2020-04-11,4499.0
華為-Mat30Pro,2020-04-11,5899.0
華為-Mat30Pro-5G,2020-04-11,6399.0
Vivo-Nex3,2020-04-11,3998.0
Vivo-Nex3-5G,2020-04-11,4998.0
三星-Note10,2020-04-11,6299.0
三星-Note10-5G,2020-04-11,7798.0
華為-Mate30,2020-04-10,3999.0
華為-Mate30-5G,2020-04-10,4499.0
華為-Mat30Pro,2020-04-10,5899.0
華為-Mat30Pro-5G,2020-04-10,6399.0
Vivo-Nex3,2020-04-10,3998.0
Vivo-Nex3-5G,2020-04-10,4998.0
三星-Note10,2020-04-10,6299.0
三星-Note10-5G,2020-04-10,7798.0
華為-Mate30,2020-04-09,3999.0
華為-Mate30-5G,2020-04-09,4499.0
華為-Mat30Pro,2020-04-09,5899.0
華為-Mat30Pro-5G,2020-04-09,6399.0
Vivo-Nex3,2020-04-09,3998.0
Vivo-Nex3-5G,2020-04-09,4998.0
三星-Note10,2020-04-09,6299.0
三星-Note10-5G,2020-04-09,7798.0
華為-Mate30,2020-04-08,3999.0
華為-Mate30-5G,2020-04-08,4499.0
華為-Mat30Pro,2020-04-08,5899.0
華為-Mat30Pro-5G,2020-04-08,6399.0
Vivo-Nex3,2020-04-08,3998.0
Vivo-Nex3-5G,2020-04-08,4998.0
三星-Note10,2020-04-08,6299.0
三星-Note10-5G,2020-04-08,7798.0
華為-Mate30,2020-04-07,3999.0
華為-Mate30-5G,2020-04-07,4499.0
華為-Mat30Pro,2020-04-07,5899.0
華為-Mat30Pro-5G,2020-04-07,6399.0
Vivo-Nex3,2020-04-07,3998.0
Vivo-Nex3-5G,2020-04-07,4998.0
三星-Note10,2020-04-07,6299.0
三星-Note10-5G,2020-04-07,7798.0
華為-Mate30,2020-04-06,3999.0
華為-Mate30-5G,2020-04-06,4499.0
華為-Mat30Pro,2020-04-06,5899.0
華為-Mat30Pro-5G,2020-04-06,6399.0
Vivo-Nex3,2020-04-06,3998.0
Vivo-Nex3-5G,2020-04-06,4998.0
三星-Note10,2020-04-06,6299.0
三星-Note10-5G,2020-04-06,7798.0
華為-Mate30,2020-04-04,3999.0
華為-Mate30-5G,2020-04-04,4499.0
華為-Mat30Pro,2020-04-04,5899.0
華為-Mat30Pro-5G,2020-04-04,6399.0
Vivo-Nex3,2020-04-04,3998.0
Vivo-Nex3-5G,2020-04-04,4998.0
三星-Note10,2020-04-04,6299.0
三星-Note10-5G,2020-04-04,7798.0
華為-Mate30,2020-04-02,3999.0
華為-Mate30-5G,2020-04-02,4499.0
華為-Mat30Pro,2020-04-02,5899.0
華為-Mat30Pro-5G,2020-04-02,6399.0
Vivo-Nex3,2020-04-02,3998.0
Vivo-Nex3-5G,2020-04-02,4998.0
三星-Note10,2020-04-02,6299.0
三星-Note10-5G,2020-04-02,7999.0
華為-Mate30,2020-04-01,3999.0
華為-Mate30-5G,2020-04-01,4499.0
華為-Mat30Pro,2020-04-01,5899.0
華為-Mat30Pro-5G,2020-04-01,6399.0
Vivo-Nex3,2020-04-01,3998.0
Vivo-Nex3-5G,2020-04-01,4998.0
三星-Note10,2020-04-01,6299.0
三星-Note10-5G,2020-04-01,7999.0
華為-Mate30,2020-03-31,3999.0
華為-Mate30-5G,2020-03-31,4499.0
華為-Mat30Pro,2020-03-31,5899.0
華為-Mat30Pro-5G,2020-03-31,6399.0
Vivo-Nex3,2020-03-31,3998.0
Vivo-Nex3-5G,2020-03-31,4998.0
三星-Note10,2020-03-31,6299.0
三星-Note10-5G,2020-03-31,7999.0
華為-Mate30,2020-03-30,3999.0
華為-Mate30-5G,2020-03-30,4499.0
華為-Mat30Pro,2020-03-30,5899.0
華為-Mat30Pro-5G,2020-03-30,6399.0
Vivo-Nex3,2020-03-30,3998.0
Vivo-Nex3-5G,2020-03-30,4998.0
三星-Note10,2020-03-30,6299.0
三星-Note10-5G,2020-03-30,7999.0
華為-Mate30,2020-03-28,3999.0
華為-Mate30-5G,2020-03-28,4499.0
華為-Mat30Pro,2020-03-28,5899.0
華為-Mat30Pro-5G,2020-03-28,6399.0
Vivo-Nex3,2020-03-28,3998.0
Vivo-Nex3-5G,2020-03-28,4998.0
三星-Note10,2020-03-28,6299.0
三星-Note10-5G,2020-03-28,7999.0
華為-Mate30,2020-03-27,3999.0
華為-Mate30-5G,2020-03-27,4499.0
華為-Mat30Pro,2020-03-27,5899.0
華為-Mat30Pro-5G,2020-03-27,6399.0
Vivo-Nex3,2020-03-27,3998.0
Vivo-Nex3-5G,2020-03-27,4998.0
三星-Note10,2020-03-27,6299.0
三星-Note10-5G,2020-03-27,7999.0
華為-Mate30,2020-03-26,3999.0
華為-Mate30-5G,2020-03-26,4499.0
華為-Mat30Pro,2020-03-26,5899.0
華為-Mat30Pro-5G,2020-03-26,6399.0
Vivo-Nex3,2020-03-26,3998.0
Vivo-Nex3-5G,2020-03-26,4998.0
三星-Note10,2020-03-26,6299.0
三星-Note10-5G,2020-03-26,7999.0
華為-Mate30,2020-03-24,4299.0
華為-Mate30-5G,2020-03-24,4499.0
華為-Mat30Pro,2020-03-24,6299.0
華為-Mat30Pro-5G,2020-03-24,6399.0
Vivo-Nex3,2020-03-24,3998.0
Vivo-Nex3-5G,2020-03-24,4998.0
三星-Note10,2020-03-24,6299.0
三星-Note10-5G,2020-03-24,7999.0
華為-Mate30,2020-03-23,4299.0
華為-Mate30-5G,2020-03-23,4499.0
華為-Mat30Pro,2020-03-23,6299.0
華為-Mat30Pro-5G,2020-03-23,6399.0
Vivo-Nex3,2020-03-23,3998.0
Vivo-Nex3-5G,2020-03-23,4998.0
三星-Note10,2020-03-23,6299.0
三星-Note10-5G,2020-03-23,7999.0
華為-Mate30,2020-03-22,4299.0
華為-Mate30-5G,2020-03-22,4499.0
華為-Mat30Pro,2020-03-22,6299.0
華為-Mat30Pro-5G,2020-03-22,6399.0
Vivo-Nex3,2020-03-22,3998.0
Vivo-Nex3-5G,2020-03-22,4998.0
三星-Note10,2020-03-22,6299.0
三星-Note10-5G,2020-03-22,7999.0
華為-Mate30,2020-03-21,4299.0
華為-Mate30-5G,2020-03-21,4499.0
華為-Mat30Pro,2020-03-21,6299.0
華為-Mat30Pro-5G,2020-03-21,6399.0
Vivo-Nex3,2020-03-21,3998.0
Vivo-Nex3-5G,2020-03-21,4998.0
三星-Note10,2020-03-21,6299.0
三星-Note10-5G,2020-03-21,7999.0
華為-Mate30,2020-03-19,4299.0
華為-Mate30-5G,2020-03-19,4499.0
華為-Mat30Pro,2020-03-19,6299.0
華為-Mat30Pro-5G,2020-03-19,6399.0
Vivo-Nex3,2020-03-19,3998.0
Vivo-Nex3-5G,2020-03-19,4998.0
三星-Note10,2020-03-19,6299.0
三星-Note10-5G,2020-03-19,7999.0
華為-Mate30,2020-03-18,4299.0
華為-Mate30-5G,2020-03-18,4499.0
華為-Mat30Pro,2020-03-18,6299.0
華為-Mat30Pro-5G,2020-03-18,6399.0
Vivo-Nex3,2020-03-18,4498.0
Vivo-Nex3-5G,2020-03-18,4998.0
三星-Note10,2020-03-18,6299.0
三星-Note10-5G,2020-03-18,7999.0
華為-Mate30,2020-03-17,4299.0
華為-Mate30-5G,2020-03-17,4999.0
華為-Mat30Pro,2020-03-17,6299.0
華為-Mat30Pro-5G,2020-03-17,6399.0
Vivo-Nex3,2020-03-17,4498.0
Vivo-Nex3-5G,2020-03-17,4998.0
三星-Note10,2020-03-17,6299.0
三星-Note10-5G,2020-03-17,7999.0
華為-Mate30,2020-03-15,4299.0
華為-Mate30-5G,2020-03-15,4999.0
華為-Mat30Pro,2020-03-15,6299.0
華為-Mat30Pro-5G,2020-03-15,6399.0
Vivo-Nex3,2020-03-15,4498.0
Vivo-Nex3-5G,2020-03-15,4998.0
三星-Note10,2020-03-15,6299.0
三星-Note10-5G,2020-03-15,7999.0
華為-Mate30,2020-03-14,4299.0
華為-Mate30-5G,2020-03-14,4999.0
華為-Mat30Pro,2020-03-14,6299.0
華為-Mat30Pro-5G,2020-03-14,6399.0
Vivo-Nex3,2020-03-14,4498.0
Vivo-Nex3-5G,2020-03-14,4998.0
三星-Note10,2020-03-14,6299.0
三星-Note10-5G,2020-03-14,7999.0
華為-Mate30,2020-03-13,4299.0
華為-Mate30-5G,2020-03-13,4999.0
華為-Mat30Pro,2020-03-13,6299.0
華為-Mat30Pro-5G,2020-03-13,6399.0
Vivo-Nex3,2020-03-13,4498.0
Vivo-Nex3-5G,2020-03-13,4998.0
三星-Note10,2020-03-13,6299.0
三星-Note10-5G,2020-03-13,7999.0
華為-Mate30,2020-03-12,4299.0
華為-Mate30-5G,2020-03-12,4999.0
華為-Mat30Pro,2020-03-12,6299.0
華為-Mat30Pro-5G,2020-03-12,6899.0
Vivo-Nex3,2020-03-12,4498.0
Vivo-Nex3-5G,2020-03-12,4998.0
三星-Note10,2020-03-12,6299.0
三星-Note10-5G,2020-03-12,7999.0
華為-Mate30,2020-03-11,4299.0
華為-Mate30-5G,2020-03-11,4999.0
華為-Mat30Pro,2020-03-11,6299.0
華為-Mat30Pro-5G,2020-03-11,6899.0
Vivo-Nex3,2020-03-11,4498.0
Vivo-Nex3-5G,2020-03-11,4998.0
三星-Note10,2020-03-11,6299.0
三星-Note10-5G,2020-03-11,7999.0
華為-Mate30,2020-03-10,4299.0
華為-Mate30-5G,2020-03-10,4999.0
華為-Mat30Pro,2020-03-10,6299.0
華為-Mat30Pro-5G,2020-03-10,6899.0
Vivo-Nex3,2020-03-10,4498.0
Vivo-Nex3-5G,2020-03-10,4998.0
三星-Note10,2020-03-10,6299.0
三星-Note10-5G,2020-03-10,7999.0
華為-Mate30,2020-03-09,4299.0
華為-Mate30-5G,2020-03-09,4999.0
華為-Mat30Pro,2020-03-09,6299.0
華為-Mat30Pro-5G,2020-03-09,6899.0
Vivo-Nex3,2020-03-09,4498.0
Vivo-Nex3-5G,2020-03-09,4998.0
三星-Note10,2020-03-09,6299.0
三星-Note10-5G,2020-03-09,7999.0
華為-Mate30,2020-03-07,4299.0
華為-Mate30-5G,2020-03-07,4999.0
華為-Mat30Pro,2020-03-07,6299.0
華為-Mat30Pro-5G,2020-03-07,6899.0
Vivo-Nex3,2020-03-07,4498.0
Vivo-Nex3-5G,2020-03-07,4998.0
三星-Note10,2020-03-07,6299.0
三星-Note10-5G,2020-03-07,7999.0
華為-Mate30,2020-03-06,4299.0
華為-Mate30-5G,2020-03-06,4999.0
華為-Mat30Pro,2020-03-06,6299.0
華為-Mat30Pro-5G,2020-03-06,6899.0
Vivo-Nex3,2020-03-06,4498.0
Vivo-Nex3-5G,2020-03-06,4998.0
三星-Note10,2020-03-06,6299.0
三星-Note10-5G,2020-03-06,7999.0
華為-Mate30,2020-03-05,4299.0
華為-Mate30-5G,2020-03-05,4999.0
華為-Mat30Pro,2020-03-05,6299.0
華為-Mat30Pro-5G,2020-03-05,6899.0
Vivo-Nex3,2020-03-05,4498.0
Vivo-Nex3-5G,2020-03-05,4998.0
三星-Note10,2020-03-05,6299.0
三星-Note10-5G,2020-03-05,7999.0
華為-Mate30,2020-03-04,4299.0
華為-Mate30-5G,2020-03-04,4999.0
華為-Mat30Pro,2020-03-04,6299.0
華為-Mat30Pro-5G,2020-03-04,6899.0
Vivo-Nex3,2020-03-04,4498.0
Vivo-Nex3-5G,2020-03-04,4998.0
三星-Note10,2020-03-04,6299.0
三星-Note10-5G,2020-03-04,7999.0
華為-Mate30,2020-03-03,4299.0
華為-Mate30-5G,2020-03-03,4999.0
華為-Mat30Pro,2020-03-03,6299.0
華為-Mat30Pro-5G,2020-03-03,6899.0
Vivo-Nex3,2020-03-03,4498.0
Vivo-Nex3-5G,2020-03-03,4998.0
三星-Note10,2020-03-03,6299.0
三星-Note10-5G,2020-03-03,7999.0
華為-Mate30,2020-03-02,4299.0
華為-Mate30-5G,2020-03-02,4999.0
華為-Mat30Pro,2020-03-02,6299.0
華為-Mat30Pro-5G,2020-03-02,6899.0
Vivo-Nex3,2020-03-02,4498.0
Vivo-Nex3-5G,2020-03-02,4998.0
三星-Note10,2020-03-02,6299.0
三星-Note10-5G,2020-03-02,7999.0
華為-Mate30,2020-02-29,4299.0
華為-Mate30-5G,2020-02-29,4999.0
華為-Mat30Pro,2020-02-29,6299.0
華為-Mat30Pro-5G,2020-02-29,6899.0
Vivo-Nex3,2020-02-29,4498.0
Vivo-Nex3-5G,2020-02-29,4998.0
三星-Note10,2020-02-29,6299.0
三星-Note10-5G,2020-02-29,7999.0
華為-Mate30,2020-02-28,4299.0
華為-Mate30-5G,2020-02-28,4999.0
華為-Mat30Pro,2020-02-28,6299.0
華為-Mat30Pro-5G,2020-02-28,6899.0
Vivo-Nex3,2020-02-28,4498.0
Vivo-Nex3-5G,2020-02-28,4998.0
三星-Note10,2020-02-28,6299.0
三星-Note10-5G,2020-02-28,7999.0
華為-Mate30,2020-02-27,4299.0
華為-Mate30-5G,2020-02-27,4999.0
華為-Mat30Pro,2020-02-27,6299.0
華為-Mat30Pro-5G,2020-02-27,6899.0
Vivo-Nex3,2020-02-27,4498.0
Vivo-Nex3-5G,2020-02-27,4998.0
三星-Note10,2020-02-27,6299.0
三星-Note10-5G,2020-02-27,7999.0
華為-Mate30,2020-02-24,4299.0
華為-Mate30-5G,2020-02-24,4999.0
華為-Mat30Pro,2020-02-24,6299.0
華為-Mat30Pro-5G,2020-02-24,6899.0
Vivo-Nex3,2020-02-24,4498.0
Vivo-Nex3-5G,2020-02-24,4998.0
三星-Note10,2020-02-24,6299.0
三星-Note10-5G,2020-02-24,7999.0
華為-Mate30,2020-02-23,4299.0
華為-Mate30-5G,2020-02-23,4999.0
華為-Mat30Pro,2020-02-23,6299.0
華為-Mat30Pro-5G,2020-02-23,6899.0
Vivo-Nex3,2020-02-23,4498.0
Vivo-Nex3-5G,2020-02-23,4998.0
三星-Note10,2020-02-23,6299.0
三星-Note10-5G,2020-02-23,7999.0
華為-Mate30,2020-02-21,4299.0
華為-Mate30-5G,2020-02-21,4999.0
華為-Mat30Pro,2020-02-21,6299.0
華為-Mat30Pro-5G,2020-02-21,6899.0
Vivo-Nex3,2020-02-21,4498.0
Vivo-Nex3-5G,2020-02-21,4998.0
三星-Note10,2020-02-21,6299.0
三星-Note10-5G,2020-02-21,7999.0
華為-Mate30,2020-02-20,4299.0
華為-Mate30-5G,2020-02-20,4999.0
華為-Mat30Pro,2020-02-20,6299.0
華為-Mat30Pro-5G,2020-02-20,6899.0
Vivo-Nex3,2020-02-20,4498.0
Vivo-Nex3-5G,2020-02-20,4998.0
三星-Note10,2020-02-20,6299.0
三星-Note10-5G,2020-02-20,7999.0
華為-Mate30,2020-02-19,4299.0
華為-Mate30-5G,2020-02-19,4999.0
華為-Mat30Pro,2020-02-19,6299.0
華為-Mat30Pro-5G,2020-02-19,6899.0
Vivo-Nex3,2020-02-19,4498.0
Vivo-Nex3-5G,2020-02-19,4998.0
三星-Note10,2020-02-19,6299.0
三星-Note10-5G,2020-02-19,7999.0
華為-Mate30,2020-02-18,4299.0
華為-Mate30-5G,2020-02-18,4999.0
華為-Mat30Pro,2020-02-18,6299.0
華為-Mat30Pro-5G,2020-02-18,6899.0
Vivo-Nex3,2020-02-18,4498.0
Vivo-Nex3-5G,2020-02-18,4998.0
三星-Note10,2020-02-18,6299.0
三星-Note10-5G,2020-02-18,7999.0
華為-Mate30,2020-02-17,4299.0
華為-Mate30-5G,2020-02-17,4999.0
華為-Mat30Pro,2020-02-17,6299.0
華為-Mat30Pro-5G,2020-02-17,6899.0
Vivo-Nex3,2020-02-17,4498.0
Vivo-Nex3-5G,2020-02-17,4998.0
三星-Note10,2020-02-17,6399.0
三星-Note10-5G,2020-02-17,7999.0
華為-Mate30,2020-02-16,4299.0
華為-Mate30-5G,2020-02-16,4999.0
華為-Mat30Pro,2020-02-16,6299.0
華為-Mat30Pro-5G,2020-02-16,6899.0
Vivo-Nex3,2020-02-16,4498.0
Vivo-Nex3-5G,2020-02-16,4998.0
三星-Note10,2020-02-16,6399.0
三星-Note10-5G,2020-02-16,7999.0
華為-Mate30,2020-02-15,4299.0
華為-Mate30-5G,2020-02-15,4999.0
華為-Mat30Pro,2020-02-15,6299.0
華為-Mat30Pro-5G,2020-02-15,6899.0
Vivo-Nex3,2020-02-15,4498.0
Vivo-Nex3-5G,2020-02-15,4998.0
三星-Note10,2020-02-15,6399.0
三星-Note10-5G,2020-02-15,7999.0
華為-Mate30,2020-02-12,4299.0
華為-Mate30-5G,2020-02-12,4999.0
華為-Mat30Pro,2020-02-12,6299.0
華為-Mat30Pro-5G,2020-02-12,6899.0
Vivo-Nex3,2020-02-12,4498.0
Vivo-Nex3-5G,2020-02-12,4998.0
三星-Note10,2020-02-12,6399.0
三星-Note10-5G,2020-02-12,7999.0
華為-Mate30,2020-02-11,4299.0
華為-Mate30-5G,2020-02-11,4999.0
華為-Mat30Pro,2020-02-11,6299.0
華為-Mat30Pro-5G,2020-02-11,6899.0
Vivo-Nex3,2020-02-11,4498.0
Vivo-Nex3-5G,2020-02-11,4998.0
三星-Note10,2020-02-11,6399.0
三星-Note10-5G,2020-02-11,7999.0
華為-Mate30,2020-02-10,4299.0
華為-Mate30-5G,2020-02-10,4999.0
華為-Mat30Pro,2020-02-10,6299.0
華為-Mat30Pro-5G,2020-02-10,6899.0
Vivo-Nex3,2020-02-10,4498.0
Vivo-Nex3-5G,2020-02-10,4998.0
三星-Note10,2020-02-10,6399.0
三星-Note10-5G,2020-02-10,7999.0
華為-Mate30,2020-02-09,4299.0
華為-Mate30-5G,2020-02-09,4999.0
華為-Mat30Pro,2020-02-09,6299.0
華為-Mat30Pro-5G,2020-02-09,6899.0
Vivo-Nex3,2020-02-09,4498.0
Vivo-Nex3-5G,2020-02-09,4998.0
三星-Note10,2020-02-09,6399.0
三星-Note10-5G,2020-02-09,7999.0
華為-Mate30,2020-02-07,4299.0
華為-Mate30-5G,2020-02-07,4999.0
華為-Mat30Pro,2020-02-07,6299.0
華為-Mat30Pro-5G,2020-02-07,6899.0
Vivo-Nex3,2020-02-07,4498.0
Vivo-Nex3-5G,2020-02-07,4998.0
三星-Note10,2020-02-07,6399.0
三星-Note10-5G,2020-02-07,7999.0
華為-Mate30,2020-02-06,4299.0
華為-Mate30-5G,2020-02-06,4999.0
華為-Mat30Pro,2020-02-06,6299.0
華為-Mat30Pro-5G,2020-02-06,6899.0
Vivo-Nex3,2020-02-06,4498.0
Vivo-Nex3-5G,2020-02-06,4998.0
三星-Note10,2020-02-06,6399.0
三星-Note10-5G,2020-02-06,7999.0
華為-Mate30,2020-02-05,4299.0
華為-Mate30-5G,2020-02-05,4999.0
華為-Mat30Pro,2020-02-05,6299.0
華為-Mat30Pro-5G,2020-02-05,6899.0
Vivo-Nex3,2020-02-05,4498.0
Vivo-Nex3-5G,2020-02-05,4998.0
三星-Note10,2020-02-05,6399.0
三星-Note10-5G,2020-02-05,7999.0
華為-Mate30,2020-02-04,4299.0
華為-Mate30-5G,2020-02-04,4999.0
華為-Mat30Pro,2020-02-04,6299.0
華為-Mat30Pro-5G,2020-02-04,6899.0
Vivo-Nex3,2020-02-04,4498.0
Vivo-Nex3-5G,2020-02-04,4998.0
三星-Note10,2020-02-04,6399.0
三星-Note10-5G,2020-02-04,7999.0
華為-Mate30,2020-02-03,4299.0
華為-Mate30-5G,2020-02-03,4999.0
華為-Mat30Pro,2020-02-03,6299.0
華為-Mat30Pro-5G,2020-02-03,6899.0
Vivo-Nex3,2020-02-03,4498.0
Vivo-Nex3-5G,2020-02-03,4998.0
三星-Note10,2020-02-03,6399.0
三星-Note10-5G,2020-02-03,7999.0
華為-Mate30,2020-02-02,4299.0
華為-Mate30-5G,2020-02-02,4999.0
華為-Mat30Pro,2020-02-02,6299.0
華為-Mat30Pro-5G,2020-02-02,6899.0
Vivo-Nex3,2020-02-02,4498.0
Vivo-Nex3-5G,2020-02-02,4998.0
三星-Note10,2020-02-02,6399.0
三星-Note10-5G,2020-02-02,7999.0
華為-Mate30,2020-02-01,4299.0
華為-Mate30-5G,2020-02-01,4999.0
華為-Mat30Pro,2020-02-01,6299.0
華為-Mat30Pro-5G,2020-02-01,6899.0
Vivo-Nex3,2020-02-01,4498.0
Vivo-Nex3-5G,2020-02-01,4998.0
三星-Note10,2020-02-01,6399.0
三星-Note10-5G,2020-02-01,7999.0
華為-Mate30,2020-01-22,4299.0
華為-Mate30-5G,2020-01-22,4999.0
華為-Mat30Pro,2020-01-22,6299.0
華為-Mat30Pro-5G,2020-01-22,6899.0
Vivo-Nex3,2020-01-22,4498.0
Vivo-Nex3-5G,2020-01-22,4998.0
三星-Note10,2020-01-22,6399.0
三星-Note10-5G,2020-01-22,7599.0
華為-Mate30,2020-01-21,4299.0
華為-Mate30-5G,2020-01-21,4999.0
華為-Mat30Pro,2020-01-21,6299.0
華為-Mat30Pro-5G,2020-01-21,6899.0
Vivo-Nex3,2020-01-21,4498.0
Vivo-Nex3-5G,2020-01-21,4998.0
三星-Note10,2020-01-21,6399.0
三星-Note10-5G,2020-01-21,7599.0
華為-Mate30,2020-01-20,4299.0
華為-Mate30-5G,2020-01-20,4999.0
華為-Mat30Pro,2020-01-20,6299.0
華為-Mat30Pro-5G,2020-01-20,6899.0
Vivo-Nex3,2020-01-20,4498.0
Vivo-Nex3-5G,2020-01-20,4998.0
三星-Note10,2020-01-20,6399.0
三星-Note10-5G,2020-01-20,7599.0
華為-Mate30,2020-01-19,4299.0
華為-Mate30-5G,2020-01-19,4999.0
華為-Mat30Pro,2020-01-19,6299.0
華為-Mat30Pro-5G,2020-01-19,6899.0
Vivo-Nex3,2020-01-19,4498.0
Vivo-Nex3-5G,2020-01-19,4998.0
三星-Note10,2020-01-19,6399.0
三星-Note10-5G,2020-01-19,7599.0
華為-Mate30,2020-01-17,4299.0
華為-Mate30-5G,2020-01-17,4999.0
華為-Mat30Pro,2020-01-17,6299.0
華為-Mat30Pro-5G,2020-01-17,6899.0
Vivo-Nex3,2020-01-17,4498.0
Vivo-Nex3-5G,2020-01-17,4998.0
三星-Note10,2020-01-17,6399.0
三星-Note10-5G,2020-01-17,7599.0
華為-Mate30,2020-01-16,4299.0
華為-Mate30-5G,2020-01-16,4999.0
華為-Mat30Pro,2020-01-16,6299.0
華為-Mat30Pro-5G,2020-01-16,6899.0
Vivo-Nex3,2020-01-16,4498.0
Vivo-Nex3-5G,2020-01-16,4998.0
三星-Note10,2020-01-16,6399.0
三星-Note10-5G,2020-01-16,7599.0
華為-Mate30,2020-01-15,4299.0
華為-Mate30-5G,2020-01-15,4999.0
華為-Mat30Pro,2020-01-15,6299.0
華為-Mat30Pro-5G,2020-01-15,6899.0
Vivo-Nex3,2020-01-15,4498.0
Vivo-Nex3-5G,2020-01-15,4998.0
三星-Note10,2020-01-15,6399.0
三星-Note10-5G,2020-01-15,7599.0
華為-Mate30,2020-01-14,4299.0
華為-Mate30-5G,2020-01-14,4999.0
華為-Mat30Pro,2020-01-14,6299.0
華為-Mat30Pro-5G,2020-01-14,6899.0
Vivo-Nex3,2020-01-14,4498.0
Vivo-Nex3-5G,2020-01-14,4998.0
三星-Note10,2020-01-14,6599.0
三星-Note10-5G,2020-01-14,7999.0
華為-Mate30,2020-01-13,4299.0
華為-Mate30-5G,2020-01-13,4999.0
華為-Mat30Pro,2020-01-13,6299.0
華為-Mat30Pro-5G,2020-01-13,6899.0
Vivo-Nex3,2020-01-13,4498.0
Vivo-Nex3-5G,2020-01-13,4998.0
三星-Note10,2020-01-13,6599.0
三星-Note10-5G,2020-01-13,7999.0
華為-Mate30,2020-01-12,4299.0
華為-Mate30-5G,2020-01-12,4999.0
華為-Mat30Pro,2020-01-12,6299.0
華為-Mat30Pro-5G,2020-01-12,6899.0
Vivo-Nex3,2020-01-12,4498.0
Vivo-Nex3-5G,2020-01-12,4998.0
三星-Note10,2020-01-12,6599.0
三星-Note10-5G,2020-01-12,7999.0
華為-Mate30,2020-01-11,4299.0
華為-Mate30-5G,2020-01-11,4999.0
華為-Mat30Pro,2020-01-11,6299.0
華為-Mat30Pro-5G,2020-01-11,6899.0
Vivo-Nex3,2020-01-11,4498.0
Vivo-Nex3-5G,2020-01-11,4998.0
三星-Note10,2020-01-11,6599.0
三星-Note10-5G,2020-01-11,7999.0
華為-Mate30,2020-01-10,4299.0
華為-Mate30-5G,2020-01-10,4999.0
華為-Mat30Pro,2020-01-10,6299.0
華為-Mat30Pro-5G,2020-01-10,6899.0
Vivo-Nex3,2020-01-10,4498.0
Vivo-Nex3-5G,2020-01-10,4998.0
三星-Note10,2020-01-10,6599.0
三星-Note10-5G,2020-01-10,7999.0
華為-Mate30,2020-01-09,4299.0
華為-Mate30-5G,2020-01-09,4999.0
華為-Mat30Pro,2020-01-09,6299.0
華為-Mat30Pro-5G,2020-01-09,6899.0
Vivo-Nex3,2020-01-09,4498.0
Vivo-Nex3-5G,2020-01-09,4998.0
三星-Note10,2020-01-09,6599.0
三星-Note10-5G,2020-01-09,7999.0
華為-Mate30,2020-01-08,4299.0
華為-Mate30-5G,2020-01-08,4999.0
華為-Mat30Pro,2020-01-08,6299.0
華為-Mat30Pro-5G,2020-01-08,6899.0
Vivo-Nex3,2020-01-08,4498.0
Vivo-Nex3-5G,2020-01-08,4998.0
三星-Note10,2020-01-08,6599.0
三星-Note10-5G,2020-01-08,7999.0
華為-Mate30,2020-01-07,4299.0
華為-Mate30-5G,2020-01-07,4999.0
華為-Mat30Pro,2020-01-07,6299.0
華為-Mat30Pro-5G,2020-01-07,6899.0
Vivo-Nex3,2020-01-07,4498.0
Vivo-Nex3-5G,2020-01-07,4998.0
三星-Note10,2020-01-07,6599.0
三星-Note10-5G,2020-01-07,7999.0
華為-Mate30,2020-01-06,4299.0
華為-Mate30-5G,2020-01-06,4999.0
華為-Mat30Pro,2020-01-06,6299.0
華為-Mat30Pro-5G,2020-01-06,6899.0
Vivo-Nex3,2020-01-06,4498.0
Vivo-Nex3-5G,2020-01-06,4998.0
三星-Note10,2020-01-06,6599.0
三星-Note10-5G,2020-01-06,7999.0
華為-Mate30,2020-01-05,4299.0
華為-Mate30-5G,2020-01-05,4999.0
華為-Mat30Pro,2020-01-05,6299.0
華為-Mat30Pro-5G,2020-01-05,6899.0
Vivo-Nex3,2020-01-05,4498.0
Vivo-Nex3-5G,2020-01-05,4998.0
三星-Note10,2020-01-05,6599.0
三星-Note10-5G,2020-01-05,7999.0
華為-Mate30,2020-01-04,4299.0
華為-Mate30-5G,2020-01-04,4999.0
華為-Mat30Pro,2020-01-04,6299.0
華為-Mat30Pro-5G,2020-01-04,6899.0
Vivo-Nex3,2020-01-04,4498.0
Vivo-Nex3-5G,2020-01-04,4998.0
三星-Note10,2020-01-04,6599.0
三星-Note10-5G,2020-01-04,7999.0
華為-Mate30,2020-01-03,4299.0
華為-Mate30-5G,2020-01-03,4999.0
華為-Mat30Pro,2020-01-03,6299.0
華為-Mat30Pro-5G,2020-01-03,6899.0
Vivo-Nex3,2020-01-03,4498.0
Vivo-Nex3-5G,2020-01-03,4998.0
三星-Note10,2020-01-03,6599.0
三星-Note10-5G,2020-01-03,7999.0
華為-Mate30,2020-01-02,4299.0
華為-Mate30-5G,2020-01-02,4999.0
華為-Mat30Pro,2020-01-02,6299.0
華為-Mat30Pro-5G,2020-01-02,6899.0
Vivo-Nex3,2020-01-02,4498.0
Vivo-Nex3-5G,2020-01-02,4998.0
三星-Note10,2020-01-02,6599.0
三星-Note10-5G,2020-01-02,7999.0
華為-Mate30,2020-01-01,4299.0
華為-Mate30-5G,2020-01-01,4999.0
華為-Mat30Pro,2020-01-01,6299.0
華為-Mat30Pro-5G,2020-01-01,6899.0
Vivo-Nex3,2020-01-01,4498.0
Vivo-Nex3-5G,2020-01-01,4998.0
三星-Note10,2020-01-01,6599.0
三星-Note10-5G,2020-01-01,7999.0
華為-Mate30,2019-12-31,4299.0
華為-Mate30-5G,2019-12-31,4999.0
華為-Mat30Pro,2019-12-31,6299.0
華為-Mat30Pro-5G,2019-12-31,6899.0
Vivo-Nex3,2019-12-31,4498.0
Vivo-Nex3-5G,2019-12-31,4998.0
三星-Note10,2019-12-31,6599.0
三星-Note10-5G,2019-12-31,7999.0
華為-Mate30,2019-12-30,4299.0
華為-Mate30-5G,2019-12-30,4999.0
華為-Mat30Pro,2019-12-30,6299.0
華為-Mat30Pro-5G,2019-12-30,6899.0
Vivo-Nex3,2019-12-30,4498.0
Vivo-Nex3-5G,2019-12-30,4998.0
三星-Note10,2019-12-30,6599.0
三星-Note10-5G,2019-12-30,7999.0
華為-Mate30,2019-12-29,4299.0
華為-Mate30-5G,2019-12-29,4999.0
華為-Mat30Pro,2019-12-29,6299.0
華為-Mat30Pro-5G,2019-12-29,6899.0
Vivo-Nex3,2019-12-29,4498.0
Vivo-Nex3-5G,2019-12-29,4998.0
三星-Note10,2019-12-29,6599.0
三星-Note10-5G,2019-12-29,7999.0
華為-Mate30,2019-12-28,4299.0
華為-Mate30-5G,2019-12-28,4999.0
華為-Mat30Pro,2019-12-28,6299.0
華為-Mat30Pro-5G,2019-12-28,6899.0
Vivo-Nex3,2019-12-28,4498.0
Vivo-Nex3-5G,2019-12-28,4998.0
三星-Note10,2019-12-28,6599.0
三星-Note10-5G,2019-12-28,7999.0
華為-Mate30,2019-12-27,4299.0
華為-Mate30-5G,2019-12-27,4999.0
華為-Mat30Pro,2019-12-27,6299.0
華為-Mat30Pro-5G,2019-12-27,6899.0
Vivo-Nex3,2019-12-27,4498.0
Vivo-Nex3-5G,2019-12-27,4998.0
三星-Note10,2019-12-27,6599.0
三星-Note10-5G,2019-12-27,7999.0
華為-Mate30,2019-12-26,4299.0
華為-Mate30-5G,2019-12-26,4999.0
華為-Mat30Pro,2019-12-26,6299.0
華為-Mat30Pro-5G,2019-12-26,6899.0
Vivo-Nex3,2019-12-26,4498.0
Vivo-Nex3-5G,2019-12-26,4998.0
三星-Note10,2019-12-26,6599.0
三星-Note10-5G,2019-12-26,7999.0
華為-Mate30,2019-12-25,4299.0
華為-Mate30-5G,2019-12-25,4999.0
華為-Mat30Pro,2019-12-25,6299.0
華為-Mat30Pro-5G,2019-12-25,6899.0
Vivo-Nex3,2019-12-25,4498.0
Vivo-Nex3-5G,2019-12-25,4998.0
三星-Note10,2019-12-25,6599.0
三星-Note10-5G,2019-12-25,7999.0
華為-Mate30,2019-12-24,4299.0
華為-Mate30-5G,2019-12-24,4999.0
華為-Mat30Pro,2019-12-24,6299.0
華為-Mat30Pro-5G,2019-12-24,6899.0
Vivo-Nex3,2019-12-24,4498.0
Vivo-Nex3-5G,2019-12-24,4998.0
三星-Note10,2019-12-24,6599.0
三星-Note10-5G,2019-12-24,7999.0
華為-Mate30,2019-12-23,4299.0
華為-Mate30-5G,2019-12-23,4999.0
華為-Mat30Pro,2019-12-23,6299.0
華為-Mat30Pro-5G,2019-12-23,6899.0
Vivo-Nex3,2019-12-23,4498.0
Vivo-Nex3-5G,2019-12-23,4998.0
三星-Note10,2019-12-23,6599.0
三星-Note10-5G,2019-12-23,7999.0
華為-Mate30,2019-12-22,4299.0
華為-Mate30-5G,2019-12-22,4999.0
華為-Mat30Pro,2019-12-22,6299.0
華為-Mat30Pro-5G,2019-12-22,6899.0
Vivo-Nex3,2019-12-22,4498.0
Vivo-Nex3-5G,2019-12-22,4998.0
三星-Note10,2019-12-22,6599.0
三星-Note10-5G,2019-12-22,7999.0
華為-Mate30,2019-12-21,4299.0
華為-Mate30-5G,2019-12-21,4999.0
華為-Mat30Pro,2019-12-21,6299.0
華為-Mat30Pro-5G,2019-12-21,6899.0
Vivo-Nex3,2019-12-21,4498.0
Vivo-Nex3-5G,2019-12-21,4998.0
三星-Note10,2019-12-21,6599.0
三星-Note10-5G,2019-12-21,7999.0
華為-Mate30,2019-12-20,4299.0
華為-Mate30-5G,2019-12-20,4999.0
華為-Mat30Pro,2019-12-20,6299.0
華為-Mat30Pro-5G,2019-12-20,6899.0
Vivo-Nex3,2019-12-20,4498.0
Vivo-Nex3-5G,2019-12-20,4998.0
三星-Note10,2019-12-20,6599.0
三星-Note10-5G,2019-12-20,7999.0
華為-Mate30,2019-12-19,4299.0
華為-Mate30-5G,2019-12-19,4999.0
華為-Mat30Pro,2019-12-19,6299.0
華為-Mat30Pro-5G,2019-12-19,6899.0
Vivo-Nex3,2019-12-19,4498.0
Vivo-Nex3-5G,2019-12-19,4998.0
三星-Note10,2019-12-19,6599.0
三星-Note10-5G,2019-12-19,7999.0
華為-Mate30,2019-12-18,4299.0
華為-Mate30-5G,2019-12-18,4999.0
華為-Mat30Pro,2019-12-18,6299.0
華為-Mat30Pro-5G,2019-12-18,6899.0
Vivo-Nex3,2019-12-18,4498.0
Vivo-Nex3-5G,2019-12-18,4998.0
三星-Note10,2019-12-18,6599.0
三星-Note10-5G,2019-12-18,7999.0
華為-Mate30,2019-12-17,4299.0
華為-Mate30-5G,2019-12-17,4999.0
華為-Mat30Pro,2019-12-17,6299.0
華為-Mat30Pro-5G,2019-12-17,6899.0
Vivo-Nex3,2019-12-17,4498.0
Vivo-Nex3-5G,2019-12-17,4998.0
三星-Note10,2019-12-17,6599.0
三星-Note10-5G,2019-12-17,7999.0
華為-Mate30,2019-12-16,4299.0
華為-Mate30-5G,2019-12-16,4999.0
華為-Mat30Pro,2019-12-16,6299.0
華為-Mat30Pro-5G,2019-12-16,6899.0
Vivo-Nex3,2019-12-16,4498.0
Vivo-Nex3-5G,2019-12-16,4998.0
三星-Note10,2019-12-16,6599.0
三星-Note10-5G,2019-12-16,7999.0
華為-Mate30,2019-12-15,4299.0
華為-Mate30-5G,2019-12-15,4999.0
華為-Mat30Pro,2019-12-15,6299.0
華為-Mat30Pro-5G,2019-12-15,6899.0
Vivo-Nex3,2019-12-15,4498.0
Vivo-Nex3-5G,2019-12-15,4998.0
三星-Note10,2019-12-15,6599.0
三星-Note10-5G,2019-12-15,7999.0
華為-Mate30,2019-12-14,4299.0
華為-Mate30-5G,2019-12-14,4999.0
華為-Mat30Pro,2019-12-14,6299.0
華為-Mat30Pro-5G,2019-12-14,6899.0
Vivo-Nex3,2019-12-14,4498.0
Vivo-Nex3-5G,2019-12-14,4998.0
三星-Note10,2019-12-14,6599.0
三星-Note10-5G,2019-12-14,7999.0
華為-Mate30,2019-12-13,4299.0
華為-Mate30-5G,2019-12-13,4999.0
華為-Mat30Pro,2019-12-13,6299.0
華為-Mat30Pro-5G,2019-12-13,6899.0
Vivo-Nex3,2019-12-13,4498.0
Vivo-Nex3-5G,2019-12-13,4998.0
三星-Note10,2019-12-13,6599.0
三星-Note10-5G,2019-12-13,7999.0
華為-Mate30,2019-12-12,4299.0
華為-Mate30-5G,2019-12-12,4999.0
華為-Mat30Pro,2019-12-12,6299.0
華為-Mat30Pro-5G,2019-12-12,6899.0
Vivo-Nex3,2019-12-12,4498.0
Vivo-Nex3-5G,2019-12-12,4998.0
三星-Note10,2019-12-12,6599.0
三星-Note10-5G,2019-12-12,7999.0
華為-Mate30,2019-12-11,4299.0
華為-Mate30-5G,2019-12-11,4999.0
華為-Mat30Pro,2019-12-11,6299.0
華為-Mat30Pro-5G,2019-12-11,6899.0
Vivo-Nex3,2019-12-11,4498.0
Vivo-Nex3-5G,2019-12-11,4998.0
三星-Note10,2019-12-11,6599.0
三星-Note10-5G,2019-12-11,7999.0
華為-Mate30,2019-12-10,4299.0
華為-Mate30-5G,2019-12-10,4999.0
華為-Mat30Pro,2019-12-10,6299.0
華為-Mat30Pro-5G,2019-12-10,6899.0
Vivo-Nex3,2019-12-10,4498.0
Vivo-Nex3-5G,2019-12-10,4998.0
三星-Note10,2019-12-10,6599.0
三星-Note10-5G,2019-12-10,7999.0
華為-Mate30,2019-12-09,4299.0
華為-Mate30-5G,2019-12-09,4999.0
華為-Mat30Pro,2019-12-09,6299.0
華為-Mat30Pro-5G,2019-12-09,6899.0
Vivo-Nex3,2019-12-09,4498.0
Vivo-Nex3-5G,2019-12-09,4998.0
三星-Note10,2019-12-09,6599.0
三星-Note10-5G,2019-12-09,7999.0
華為-Mate30,2019-12-08,4299.0
華為-Mate30-5G,2019-12-08,4999.0
華為-Mat30Pro,2019-12-08,6299.0
華為-Mat30Pro-5G,2019-12-08,6899.0
Vivo-Nex3,2019-12-08,4498.0
Vivo-Nex3-5G,2019-12-08,4998.0
三星-Note10,2019-12-08,6599.0
三星-Note10-5G,2019-12-08,7999.0
華為-Mate30,2019-12-07,4299.0
華為-Mate30-5G,2019-12-07,4999.0
華為-Mat30Pro,2019-12-07,6299.0
華為-Mat30Pro-5G,2019-12-07,6899.0
Vivo-Nex3,2019-12-07,4498.0
Vivo-Nex3-5G,2019-12-07,4998.0
三星-Note10,2019-12-07,6599.0
三星-Note10-5G,2019-12-07,7999.0
華為-Mate30,2019-12-06,4299.0
華為-Mate30-5G,2019-12-06,4999.0
華為-Mat30Pro,2019-12-06,6299.0
華為-Mat30Pro-5G,2019-12-06,6899.0
Vivo-Nex3,2019-12-06,4498.0
Vivo-Nex3-5G,2019-12-06,4998.0
三星-Note10,2019-12-06,6599.0
三星-Note10-5G,2019-12-06,7999.0
華為-Mate30,2019-12-05,4299.0
華為-Mate30-5G,2019-12-05,4999.0
華為-Mat30Pro,2019-12-05,6299.0
華為-Mat30Pro-5G,2019-12-05,6899.0
Vivo-Nex3,2019-12-05,4498.0
Vivo-Nex3-5G,2019-12-05,4998.0
三星-Note10,2019-12-05,6599.0
三星-Note10-5G,2019-12-05,7999.0
華為-Mate30,2019-12-04,4299.0
華為-Mate30-5G,2019-12-04,4999.0
華為-Mat30Pro,2019-12-04,6299.0
華為-Mat30Pro-5G,2019-12-04,6899.0
Vivo-Nex3,2019-12-04,4498.0
Vivo-Nex3-5G,2019-12-04,4998.0
三星-Note10,2019-12-04,6599.0
三星-Note10-5G,2019-12-04,7999.0
華為-Mate30,2019-12-03,4299.0
華為-Mate30-5G,2019-12-03,4999.0
華為-Mat30Pro,2019-12-03,6299.0
華為-Mat30Pro-5G,2019-12-03,6899.0
Vivo-Nex3,2019-12-03,4498.0
Vivo-Nex3-5G,2019-12-03,4998.0
三星-Note10,2019-12-03,6599.0
三星-Note10-5G,2019-12-03,7999.0
華為-Mate30,2019-12-02,4299.0
華為-Mate30-5G,2019-12-02,4999.0
華為-Mat30Pro,2019-12-02,6299.0
華為-Mat30Pro-5G,2019-12-02,6899.0
Vivo-Nex3,2019-12-02,4498.0
Vivo-Nex3-5G,2019-12-02,4998.0
三星-Note10,2019-12-02,6599.0
三星-Note10-5G,2019-12-02,7999.0
華為-Mate30,2019-12-01,4299.0
華為-Mate30-5G,2019-12-01,4999.0
華為-Mat30Pro,2019-12-01,6299.0
華為-Mat30Pro-5G,2019-12-01,6899.0
Vivo-Nex3,2019-12-01,4498.0
Vivo-Nex3-5G,2019-12-01,4998.0
三星-Note10,2019-12-01,6599.0
三星-Note10-5G,2019-12-01,7999.0
華為-Mate30,2019-11-30,4299.0
華為-Mate30-5G,2019-11-30,4999.0
華為-Mat30Pro,2019-11-30,6299.0
華為-Mat30Pro-5G,2019-11-30,6899.0
Vivo-Nex3,2019-11-30,4498.0
Vivo-Nex3-5G,2019-11-30,4998.0
三星-Note10,2019-11-30,6599.0
三星-Note10-5G,2019-11-30,7999.0
華為-Mate30,2019-11-29,4299.0
華為-Mate30-5G,2019-11-29,4999.0
華為-Mat30Pro,2019-11-29,6299.0
華為-Mat30Pro-5G,2019-11-29,6899.0
Vivo-Nex3,2019-11-29,4498.0
Vivo-Nex3-5G,2019-11-29,4998.0
三星-Note10,2019-11-29,6599.0
三星-Note10-5G,2019-11-29,7999.0
華為-Mate30,2019-11-28,4299.0
華為-Mate30-5G,2019-11-28,4999.0
華為-Mat30Pro,2019-11-28,6299.0
華為-Mat30Pro-5G,2019-11-28,6899.0
Vivo-Nex3,2019-11-28,4498.0
Vivo-Nex3-5G,2019-11-28,5698.0
三星-Note10,2019-11-28,6599.0
三星-Note10-5G,2019-11-28,7999.0
華為-Mate30,2019-11-27,4299.0
華為-Mate30-5G,2019-11-27,4999.0
華為-Mat30Pro,2019-11-27,6299.0
華為-Mat30Pro-5G,2019-11-27,6899.0
Vivo-Nex3,2019-11-27,4498.0
Vivo-Nex3-5G,2019-11-27,5698.0
三星-Note10,2019-11-27,6599.0
三星-Note10-5G,2019-11-27,7999.0
華為-Mate30,2019-11-26,4299.0
華為-Mate30-5G,2019-11-26,4999.0
華為-Mat30Pro,2019-11-26,6299.0
華為-Mat30Pro-5G,2019-11-26,6899.0
Vivo-Nex3,2019-11-26,4498.0
Vivo-Nex3-5G,2019-11-26,5698.0
三星-Note10,2019-11-26,6599.0
三星-Note10-5G,2019-11-26,7999.0
華為-Mate30,2019-11-25,4299.0
華為-Mate30-5G,2019-11-25,4999.0
華為-Mat30Pro,2019-11-25,6299.0
華為-Mat30Pro-5G,2019-11-25,6899.0
Vivo-Nex3,2019-11-25,4498.0
Vivo-Nex3-5G,2019-11-25,5698.0
三星-Note10,2019-11-25,6599.0
三星-Note10-5G,2019-11-25,7999.0
華為-Mate30,2019-11-24,4299.0
華為-Mate30-5G,2019-11-24,4999.0
華為-Mat30Pro,2019-11-24,6299.0
華為-Mat30Pro-5G,2019-11-24,6899.0
Vivo-Nex3,2019-11-24,4498.0
Vivo-Nex3-5G,2019-11-24,5698.0
三星-Note10,2019-11-24,6599.0
三星-Note10-5G,2019-11-24,7999.0
華為-Mate30,2019-11-23,4299.0
華為-Mate30-5G,2019-11-23,4999.0
華為-Mat30Pro,2019-11-23,6299.0
華為-Mat30Pro-5G,2019-11-23,6899.0
Vivo-Nex3,2019-11-23,4498.0
Vivo-Nex3-5G,2019-11-23,5698.0
三星-Note10,2019-11-23,6599.0
三星-Note10-5G,2019-11-23,7999.0
華為-Mate30,2019-11-22,4299.0
華為-Mate30-5G,2019-11-22,4999.0
華為-Mat30Pro,2019-11-22,6299.0
華為-Mat30Pro-5G,2019-11-22,6899.0
Vivo-Nex3,2019-11-22,4498.0
Vivo-Nex3-5G,2019-11-22,5698.0
三星-Note10,2019-11-22,6599.0
三星-Note10-5G,2019-11-22,7999.0
華為-Mate30,2019-11-21,4299.0
華為-Mate30-5G,2019-11-21,4999.0
華為-Mat30Pro,2019-11-21,6299.0
華為-Mat30Pro-5G,2019-11-21,6899.0
Vivo-Nex3,2019-11-21,4998.0
Vivo-Nex3-5G,2019-11-21,5698.0
三星-Note10,2019-11-21,6599.0
三星-Note10-5G,2019-11-21,7999.0
華為-Mate30,2019-11-20,4299.0
華為-Mate30-5G,2019-11-20,4999.0
華為-Mat30Pro,2019-11-20,6299.0
華為-Mat30Pro-5G,2019-11-20,6899.0
Vivo-Nex3,2019-11-20,4998.0
Vivo-Nex3-5G,2019-11-20,5698.0
三星-Note10,2019-11-20,6599.0
三星-Note10-5G,2019-11-20,7999.0
華為-Mate30,2019-11-19,4299.0
華為-Mate30-5G,2019-11-19,4999.0
華為-Mat30Pro,2019-11-19,6299.0
華為-Mat30Pro-5G,2019-11-19,6899.0
Vivo-Nex3,2019-11-19,4998.0
Vivo-Nex3-5G,2019-11-19,5698.0
三星-Note10,2019-11-19,6599.0
三星-Note10-5G,2019-11-19,7999.0
華為-Mate30,2019-11-18,4299.0
華為-Mate30-5G,2019-11-18,4999.0
華為-Mat30Pro,2019-11-18,6299.0
華為-Mat30Pro-5G,2019-11-18,6899.0
Vivo-Nex3,2019-11-18,4998.0
Vivo-Nex3-5G,2019-11-18,5698.0
三星-Note10,2019-11-18,6599.0
三星-Note10-5G,2019-11-18,7999.0
華為-Mate30,2019-11-17,4299.0
華為-Mate30-5G,2019-11-17,4999.0
華為-Mat30Pro,2019-11-17,6299.0
華為-Mat30Pro-5G,2019-11-17,6899.0
Vivo-Nex3,2019-11-17,4998.0
Vivo-Nex3-5G,2019-11-17,5698.0
三星-Note10,2019-11-17,6599.0
三星-Note10-5G,2019-11-17,7999.0
華為-Mate30,2019-11-16,4299.0
華為-Mate30-5G,2019-11-16,4999.0
華為-Mat30Pro,2019-11-16,6299.0
華為-Mat30Pro-5G,2019-11-16,6899.0
Vivo-Nex3,2019-11-16,4998.0
Vivo-Nex3-5G,2019-11-16,5698.0
三星-Note10,2019-11-16,6599.0
三星-Note10-5G,2019-11-16,7999.0
華為-Mate30,2019-11-15,4299.0
華為-Mate30-5G,2019-11-15,4999.0
華為-Mat30Pro,2019-11-15,6299.0
華為-Mat30Pro-5G,2019-11-15,6899.0
Vivo-Nex3,2019-11-15,4998.0
Vivo-Nex3-5G,2019-11-15,5698.0
三星-Note10,2019-11-15,6599.0
三星-Note10-5G,2019-11-15,7999.0
華為-Mate30,2019-11-14,4299.0
華為-Mate30-5G,2019-11-14,4999.0
華為-Mat30Pro,2019-11-14,6299.0
華為-Mat30Pro-5G,2019-11-14,6899.0
Vivo-Nex3,2019-11-14,4998.0
Vivo-Nex3-5G,2019-11-14,5698.0
三星-Note10,2019-11-14,6599.0
三星-Note10-5G,2019-11-14,7999.0
華為-Mate30,2019-11-13,4299.0
華為-Mate30-5G,2019-11-13,4999.0
華為-Mat30Pro,2019-11-13,6299.0
華為-Mat30Pro-5G,2019-11-13,6899.0
Vivo-Nex3,2019-11-13,4998.0
Vivo-Nex3-5G,2019-11-13,5698.0
三星-Note10,2019-11-13,6599.0
三星-Note10-5G,2019-11-13,7999.0
華為-Mate30,2019-11-12,4299.0
華為-Mate30-5G,2019-11-12,4999.0
華為-Mat30Pro,2019-11-12,6299.0
華為-Mat30Pro-5G,2019-11-12,6899.0
Vivo-Nex3,2019-11-12,4998.0
Vivo-Nex3-5G,2019-11-12,5698.0
三星-Note10,2019-11-12,6599.0
三星-Note10-5G,2019-11-12,7999.0
華為-Mate30,2019-11-11,4299.0
華為-Mate30-5G,2019-11-11,4999.0
華為-Mat30Pro,2019-11-11,6299.0
華為-Mat30Pro-5G,2019-11-11,6899.0
Vivo-Nex3,2019-11-11,4998.0
Vivo-Nex3-5G,2019-11-11,5698.0
三星-Note10,2019-11-11,6599.0
三星-Note10-5G,2019-11-11,7999.0
華為-Mate30,2019-11-10,4299.0
華為-Mate30-5G,2019-11-10,4999.0
華為-Mat30Pro,2019-11-10,6299.0
華為-Mat30Pro-5G,2019-11-10,6899.0
Vivo-Nex3,2019-11-10,4998.0
Vivo-Nex3-5G,2019-11-10,5698.0
三星-Note10,2019-11-10,6599.0
三星-Note10-5G,2019-11-10,7999.0
華為-Mate30,2019-11-09,4299.0
華為-Mate30-5G,2019-11-09,4999.0
華為-Mat30Pro,2019-11-09,6299.0
華為-Mat30Pro-5G,2019-11-09,6899.0
Vivo-Nex3,2019-11-09,4998.0
Vivo-Nex3-5G,2019-11-09,5698.0
三星-Note10,2019-11-09,6599.0
三星-Note10-5G,2019-11-09,7999.0
華為-Mate30,2019-11-08,4299.0
華為-Mate30-5G,2019-11-08,4999.0
華為-Mat30Pro,2019-11-08,6299.0
華為-Mat30Pro-5G,2019-11-08,6899.0
Vivo-Nex3,2019-11-08,4998.0
Vivo-Nex3-5G,2019-11-08,5698.0
三星-Note10,2019-11-08,6599.0
三星-Note10-5G,2019-11-08,7999.0
華為-Mate30,2019-11-07,4299.0
華為-Mate30-5G,2019-11-07,4999.0
華為-Mat30Pro,2019-11-07,6299.0
華為-Mat30Pro-5G,2019-11-07,6899.0
Vivo-Nex3,2019-11-07,4998.0
Vivo-Nex3-5G,2019-11-07,5698.0
三星-Note10,2019-11-07,6599.0
三星-Note10-5G,2019-11-07,7999.0
華為-Mate30,2019-11-06,4299.0
華為-Mate30-5G,2019-11-06,4999.0
華為-Mat30Pro,2019-11-06,6299.0
華為-Mat30Pro-5G,2019-11-06,6899.0
Vivo-Nex3,2019-11-06,4998.0
Vivo-Nex3-5G,2019-11-06,5698.0
三星-Note10,2019-11-06,6599.0
三星-Note10-5G,2019-11-06,7999.0
華為-Mate30,2019-11-05,4299.0
華為-Mate30-5G,2019-11-05,4999.0
華為-Mat30Pro,2019-11-05,6299.0
華為-Mat30Pro-5G,2019-11-05,6899.0
Vivo-Nex3,2019-11-05,4998.0
Vivo-Nex3-5G,2019-11-05,5698.0
三星-Note10,2019-11-05,6599.0
三星-Note10-5G,2019-11-05,7999.0
華為-Mate30,2019-11-04,4299.0
華為-Mate30-5G,2019-11-04,4999.0
華為-Mat30Pro,2019-11-04,6299.0
華為-Mat30Pro-5G,2019-11-04,6899.0
Vivo-Nex3,2019-11-04,4998.0
Vivo-Nex3-5G,2019-11-04,5698.0
三星-Note10,2019-11-04,6599.0
三星-Note10-5G,2019-11-04,7999.0
華為-Mate30,2019-11-03,4299.0
華為-Mate30-5G,2019-11-03,4999.0
華為-Mat30Pro,2019-11-03,6299.0
華為-Mat30Pro-5G,2019-11-03,6899.0
Vivo-Nex3,2019-11-03,4998.0
Vivo-Nex3-5G,2019-11-03,5698.0
三星-Note10,2019-11-03,6599.0
三星-Note10-5G,2019-11-03,7999.0
華為-Mate30,2019-11-02,4299.0
華為-Mate30-5G,2019-11-02,4999.0
華為-Mat30Pro,2019-11-02,6299.0
華為-Mat30Pro-5G,2019-11-02,6899.0
Vivo-Nex3,2019-11-02,4998.0
Vivo-Nex3-5G,2019-11-02,5698.0
三星-Note10,2019-11-02,6599.0
三星-Note10-5G,2019-11-02,7999.0
華為-Mate30,2019-11-01,4299.0
華為-Mate30-5G,2019-11-01,4999.0
華為-Mat30Pro,2019-11-01,6299.0
華為-Mat30Pro-5G,2019-11-01,6899.0
Vivo-Nex3,2019-11-01,4998.0
Vivo-Nex3-5G,2019-11-01,5698.0
三星-Note10,2019-11-01,6599.0
三星-Note10-5G,2019-11-01,7999.0
華為-Mate30,2019-10-31,4299.0
華為-Mate30-5G,2019-10-31,4999.0
華為-Mat30Pro,2019-10-31,6299.0
華為-Mat30Pro-5G,2019-10-31,6899.0
Vivo-Nex3,2019-10-31,4998.0
Vivo-Nex3-5G,2019-10-31,5698.0
三星-Note10,2019-10-31,6599.0
三星-Note10-5G,2019-10-31,7999.0
華為-Mate30,2019-10-29,4299.0
華為-Mate30-5G,2019-10-29,4999.0
華為-Mat30Pro,2019-10-29,6299.0
華為-Mat30Pro-5G,2019-10-29,6899.0
Vivo-Nex3,2019-10-29,4998.0
Vivo-Nex3-5G,2019-10-29,5698.0
三星-Note10,2019-10-29,6599.0
三星-Note10-5G,2019-10-29,7999.0
華為-Mate30,2019-10-26,4299.0
華為-Mate30-5G,2019-10-26,4999.0
華為-Mat30Pro,2019-10-26,6299.0
華為-Mat30Pro-5G,2019-10-26,6899.0
Vivo-Nex3,2019-10-26,4998.0
Vivo-Nex3-5G,2019-10-26,5698.0
三星-Note10,2019-10-26,6599.0
三星-Note10-5G,2019-10-26,7999.0
