date,Freightos-波羅的海貨櫃運價指數[FBX01]-亞洲至美西,Freightos-波羅的海貨櫃運價指數[FBX03]-亞洲至美東,Freightos-波羅的海貨櫃運價指數[FBX11]-亞洲至北歐,Freightos-波羅的海貨櫃運價指數[FBX13]-亞洲至地中海,Freightos-波羅的海貨櫃運價指數[FBX22]-北歐至美東,Freightos-波羅的海貨櫃運價指數[FBX]
2016-10-04,1831.5500,2589.1700,1466.5000,1000.0000,1417.0100,1412.6900
2016-10-05,1732.3000,2487.2600,1466.5000,1000.0000,1417.0100,1381.8900
2016-10-06,1717.7500,2606.6700,1466.5000,1131.0400,1417.0100,1397.9400
2016-10-07,1759.0400,2491.6500,1466.5000,1131.0400,1417.0100,1394.2800
2016-10-10,1742.2100,2638.7600,1462.8600,1128.2900,1418.6800,1327.1300
2016-10-11,1719.5100,2685.2900,1462.8600,1061.5800,1418.6800,1362.6000
2016-10-12,1719.5100,2685.2900,1462.8600,1061.5800,1418.6800,1362.6000
2016-10-13,1719.5100,2685.2900,1466.5000,1050.3600,1417.8500,1361.5400
2016-10-14,1719.5100,2685.2900,1466.5000,1050.3600,1447.8500,1363.1900
2016-10-17,1853.0300,2640.7900,1634.4700,1120.2200,1447.8500,1429.2100
2016-10-18,1853.0300,2683.4000,1631.8200,1123.7400,1447.8500,1421.2400
2016-10-19,1873.6400,2617.7200,1635.4300,1123.7400,1447.8500,1420.7200
2016-10-20,1967.3900,2646.3400,1635.4300,1123.7400,1447.8500,1449.2200
2016-10-21,1964.2400,2642.1000,1635.4300,1123.7400,1447.8500,1448.1400
2016-10-24,1964.2400,2642.1000,1782.6000,1200.7300,1447.8500,1492.5600
2016-10-25,1959.4200,2624.5800,1782.6000,1200.7300,1447.8500,1503.8300
2016-10-26,1959.4200,2624.5800,1782.6000,1200.7300,1449.9600,1502.6900
2016-10-27,1954.6900,2625.3500,1782.6000,1200.7300,1449.9600,1501.8100
2016-10-28,1954.6900,2625.3500,1782.6000,1200.7300,1449.9600,1501.8100
2016-10-31,1954.6900,2625.3500,1806.6300,1200.7300,1449.9600,1510.9600
2016-11-01,2040.5500,2693.1300,1228.8500,1300.0000,1553.2600,1538.4500
2016-11-02,2024.1900,2790.8400,1034.1400,1445.0000,1795.4600,1611.6500
2016-11-03,1946.0200,2823.9500,1034.1400,1500.0000,1795.4600,1652.5900
2016-11-04,1942.8700,2823.9500,1034.1400,1550.0000,1795.4600,1656.4600
2016-11-07,1907.5500,2817.8400,1390.6400,1550.0000,1756.1100,1717.0400
2016-11-08,1897.5200,2801.8200,1395.7400,1500.0000,1756.1100,1709.7000
2016-11-09,1888.6200,2792.6800,1395.7400,1506.2800,1756.1100,1707.9500
2016-11-10,1888.6200,2755.7700,1366.8500,1450.0000,1756.1100,1696.7900
2016-11-11,1904.6100,2738.8600,1366.8500,1445.0000,1854.0600,1715.4100
2016-11-14,1907.5500,2714.5300,1367.7800,1400.7300,1851.2800,1655.7400
2016-11-15,1904.4000,2714.0200,1515.7000,1312.2700,1851.2800,1671.8400
2016-11-16,1877.4400,2681.4800,1350.6200,1329.7700,1848.5100,1633.7500
2016-11-17,1872.7100,2660.5400,1350.6200,1417.9100,1797.8600,1612.3900
2016-11-18,1861.6600,2655.7000,1350.6200,1369.6000,1807.3100,1603.5700
2016-11-21,1835.8900,2649.1000,1400.7900,1467.1300,1817.5100,1614.6300
2016-11-22,1816.9400,2626.9300,1370.2000,1651.3300,1829.8200,1624.6500
2016-11-23,1697.3100,2613.7100,1510.7400,1458.7500,1797.0000,1581.8300
2016-11-24,1659.7900,2604.8800,1553.2200,1768.5000,1797.0000,1586.8800
2016-11-25,1648.2800,2633.7300,1517.3900,1656.4600,1797.8600,1568.1600
2016-11-28,1595.5500,2608.0500,1517.3900,1788.8700,1792.3700,1555.3300
2016-11-29,1572.2900,2568.9600,1468.2700,1811.1500,1797.0000,1539.3000
2016-11-30,1569.4600,2561.7200,1468.2700,1812.3700,1891.1900,1545.2800
2016-12-01,1614.2100,2395.1100,1144.6500,1802.2700,1907.8100,1451.7000
2016-12-02,1445.3200,2436.9800,1099.5200,1739.9900,1761.7000,1275.4200
2016-12-05,1445.3200,2425.9400,1532.9300,1766.1500,1761.7000,1351.9600
2016-12-06,1407.3900,2437.4500,1541.1800,1706.8300,1761.7000,1341.5100
2016-12-07,1424.3600,2420.0700,1543.6000,1841.5800,1761.7000,1342.8300
2016-12-08,1432.7100,2411.7000,1641.3600,2064.2400,1633.7800,1370.1100
2016-12-09,1419.6300,2412.5900,1641.3600,2031.3000,1633.7800,1365.4300
2016-12-12,1387.4900,2395.1100,1619.5900,1886.0300,1629.8800,1411.5900
2016-12-13,1389.1600,2390.8300,1609.5800,1935.7700,1629.8800,1414.4700
2016-12-14,1381.1800,2434.0800,1609.5800,1935.7800,1629.8800,1418.3000
2016-12-15,1446.2100,2497.6100,1166.2300,1939.6000,1635.4500,1363.4400
2016-12-16,1492.1200,2494.7200,1396.2800,2021.2800,1635.4500,1418.9700
2016-12-19,1581.7100,2605.3000,1396.2800,2000.4400,1633.9600,1443.1900
2016-12-20,1576.9800,2613.4200,1396.2800,1967.3300,1633.9600,1391.3100
2016-12-21,1567.0700,2602.3500,1396.2800,1954.8300,1598.9100,1384.4700
2016-12-22,1559.6300,2601.5200,1582.6900,1920.8500,1587.0000,1458.6300
2016-12-23,1560.5200,2601.9000,1582.6900,2086.6700,1587.0000,1474.9800
2016-12-26,1546.0000,2606.3100,1822.6100,2329.7900,1580.0500,1536.6100
2016-12-27,1550.4200,2606.3100,1807.6100,2221.1500,1580.0500,1526.0100
2016-12-28,1542.4400,2602.0700,1807.6100,2142.4700,1580.4800,1516.3400
2016-12-29,1558.2200,2613.9700,1807.1500,2138.6500,1580.4800,1515.7300
2016-12-30,1589.2900,2613.9700,1807.1500,2152.5400,1580.4800,1523.2800
2017-01-02,1854.1000,2910.5800,1330.8800,2204.0500,1580.0800,1557.9300
2017-01-03,2080.8900,3081.0500,1845.1400,2114.6500,1580.0800,1695.5900
2017-01-04,2100.7400,3164.0200,1897.8400,2078.2900,1580.0800,1707.9000
2017-01-05,2098.6800,3163.6800,1981.1900,2250.7600,1580.0800,1747.3600
2017-01-06,2098.6800,3165.9200,1841.1100,2230.4800,1580.0800,1720.8600
2017-01-09,2082.7900,3056.4600,1586.0200,2165.2200,1588.1300,1638.5700
2017-01-10,2168.6200,3088.0900,1988.9300,2198.8700,1588.1300,1741.5700
2017-01-11,2068.1600,3088.6300,1988.9300,2169.8300,1562.6800,1710.4000
2017-01-12,2066.8200,3088.6300,1480.1700,2130.8800,1562.6800,1616.4400
2017-01-13,2069.0000,3089.4300,1480.1700,2120.3100,1558.8400,1632.3100
2017-01-16,2100.3500,3253.3700,1892.2600,2074.5600,1558.8400,1717.0200
2017-01-17,2185.8000,3331.8200,1892.2600,2039.0200,1550.3700,1741.7000
2017-01-18,2198.5800,3282.8200,1892.2600,2027.5800,1548.7500,1728.1100
2017-01-19,2188.8000,3546.8000,1892.2600,2106.8400,1548.7500,1760.9500
2017-01-20,2187.5400,3538.1000,1892.2600,2147.0600,1548.7500,1755.4300
2017-01-23,2180.4000,3561.6200,2031.9700,2068.2600,1547.8900,1728.7300
2017-01-24,2187.9100,3551.4200,2070.0500,2044.6500,1537.3700,1734.9100
2017-01-25,2144.5600,3458.4900,2070.0500,2026.7000,1522.1200,1725.6300
2017-01-26,2122.7400,3436.0100,2070.0500,2046.6700,1519.7900,1718.4600
2017-01-27,2098.4400,3455.9300,2070.0500,2107.1000,1506.9000,1720.8800
2017-01-30,2139.8800,3536.2800,2081.6900,2106.1200,1549.3900,1728.1200
2017-01-31,2142.7700,3538.9500,2081.5300,2101.9900,1549.3900,1726.3900
2017-02-01,2127.3400,3589.2600,1848.0300,2043.3600,1546.3200,1682.1900
2017-02-02,2123.4000,3583.2300,2248.8400,1926.0200,1546.3200,1748.7800
2017-02-03,2123.4000,3583.7100,2252.9900,2008.6200,1541.4200,1756.0700
2017-02-06,2112.3400,3591.3100,2428.7900,1916.3200,1538.2700,1763.9700
2017-02-07,2089.2300,3591.8100,2376.8400,2036.9400,1538.2700,1760.4300
2017-02-08,2079.3000,3598.7600,2230.5000,1990.4600,1538.2700,1731.9700
2017-02-09,2074.8100,3556.3600,1851.8600,1921.8700,1536.5200,1649.3100
2017-02-10,2046.2100,3551.0600,1851.8600,1895.7200,1536.5200,1642.5200
2017-02-13,1987.0700,3520.3100,1900.1100,1843.7500,1541.5500,1636.3900
2017-02-14,1986.6700,3511.1100,1810.3700,1744.9700,1572.2000,1616.3400
2017-02-15,1954.6900,3462.3500,1766.6500,1735.8600,1580.0300,1592.3500
2017-02-16,1924.4300,3402.9600,1764.2200,1740.9300,1596.2400,1579.8500
2017-02-17,1924.4300,3402.9000,1764.2200,1742.4600,1600.7200,1580.0000
2017-02-20,1916.6400,3390.7300,1758.7500,1770.0800,1600.7200,1579.5900
2017-02-21,1807.9000,3276.0900,1747.5700,1761.6500,1600.7200,1543.9400
2017-02-22,1812.3400,3214.7400,1747.5700,1725.3600,1600.7200,1535.2300
2017-02-23,1751.3600,3165.0900,1747.5700,1734.3700,1600.7200,1516.5500
2017-02-24,1751.3600,3165.5800,1675.9800,1819.4900,1600.7200,1514.0600
2017-02-27,1746.9800,3148.6300,1673.3400,1862.1100,1596.2400,1513.5500
2017-02-28,1718.5900,3132.7100,1673.3400,1955.2000,1600.7200,1516.5200
2017-03-01,1666.9500,3067.4300,1666.1800,1948.4100,1600.7200,1498.6200
2017-03-02,1560.5000,2994.6900,1735.7100,1941.6300,1568.4300,1478.5500
2017-03-03,1524.4800,2966.8900,1735.7100,1854.1400,1569.2600,1463.5900
2017-03-06,1650.7900,3086.3200,1735.7100,1854.2400,1572.9100,1500.9600
2017-03-07,1535.5100,3013.5000,1747.5700,1861.7700,1572.9100,1471.3000
2017-03-08,1515.0600,3014.0000,1747.5700,1839.8400,1572.9100,1464.5800
2017-03-09,1427.5900,2924.4500,1607.8000,1733.3700,1546.3000,1408.9600
2017-03-10,1427.1400,2924.4500,1488.0900,1700.9800,1546.3000,1383.6300
2017-03-13,1421.3200,2920.7000,1807.7700,1893.6800,1546.3000,1473.4400
2017-03-14,1416.3000,2914.9000,1803.7600,1910.1500,1452.7100,1463.6000
2017-03-15,1411.0400,2907.5500,1803.6600,1946.9500,1453.4000,1457.5900
2017-03-16,1415.6100,2917.2300,1794.1400,1780.4800,1453.4000,1442.1000
2017-03-17,1400.6100,2908.4900,1793.5500,1673.4400,1464.1200,1428.8400
2017-03-20,1396.0900,2890.8300,1537.3300,1711.0400,1450.2100,1384.3300
2017-03-21,1341.7700,2840.2000,1528.1300,1705.5700,1450.2100,1367.9200
2017-03-22,1327.1000,2797.1500,1528.1300,1638.0100,1450.2100,1334.8200
2017-03-23,1324.1400,2764.8700,1515.5500,1580.2700,1443.5700,1326.9400
2017-03-24,1324.1400,2765.7700,1515.5500,1602.0600,1408.9300,1328.9800
2017-03-27,1317.0500,2752.2600,1515.4300,1663.1800,1405.2100,1333.0500
2017-03-28,1313.3400,2797.0100,1515.4300,1625.1500,1405.2100,1331.5200
2017-03-29,1284.9200,2713.2900,1515.4300,1684.2500,1411.0100,1323.3400
2017-03-30,1289.7700,2712.4700,1487.7400,1695.5200,1411.0100,1320.4300
2017-03-31,1284.7600,2709.4200,1515.3100,1718.2500,1411.0100,1330.0400
2017-04-03,1370.1900,2722.4200,1718.8100,1805.9300,1550.8200,1444.0100
2017-04-04,1361.4700,2707.2500,1718.9300,1729.6000,1550.8200,1432.4700
2017-04-05,1381.8800,2700.7800,1573.6100,1727.1700,1554.4100,1403.7500
2017-04-06,1447.2500,2608.8500,1563.1700,1738.1400,1554.4100,1404.5700
2017-04-07,1447.2500,2604.6000,1563.1700,1709.5500,1520.1800,1397.1700
2017-04-10,1400.5900,2521.1900,1464.5100,1695.8000,1516.4500,1362.8100
2017-04-11,1356.4900,2513.1900,1464.5100,1686.0200,1512.3800,1352.6000
2017-04-12,1347.6400,2516.4200,1464.5100,1655.2400,1512.3800,1345.7900
2017-04-13,1342.5600,2502.1000,1448.0000,1653.4700,1499.3500,1336.4700
2017-04-14,1369.3700,2450.3500,1448.0000,1652.5300,1499.3500,1337.0300
2017-04-17,1349.3800,2366.7300,1275.4200,1688.6400,1503.4300,1298.9000
2017-04-18,1349.3800,2362.4800,1324.6700,1742.0200,1503.4300,1309.7200
2017-04-19,1349.3800,2364.5400,1324.6700,1741.3400,1503.4300,1308.7600
2017-04-20,1349.3800,2368.6900,1324.6700,1784.2900,1504.1100,1314.8200
2017-04-21,1349.3800,2368.5900,1324.6700,1784.2900,1504.1100,1313.6200
2017-04-24,1350.1400,2357.2100,1324.6700,1728.8300,1503.4300,1315.8600
2017-04-25,1340.0300,2335.1200,1324.6700,1790.3800,1503.4300,1318.3100
2017-04-26,1334.6900,2329.6900,1324.6700,1778.6700,1503.4300,1312.3200
2017-04-27,1332.2900,2338.5500,1349.8500,1777.6100,1503.4300,1315.4400
2017-04-28,1330.6400,2330.7400,1324.6700,1769.7600,1503.4300,1311.0100
2017-05-01,1441.0200,2399.1500,1295.3500,1999.2300,1503.4300,1312.5500
2017-05-02,1487.4400,2530.1900,1353.3100,1982.3500,1503.4300,1350.4000
2017-05-03,1487.4400,2534.9700,1353.3100,2026.6000,1511.7200,1355.8300
2017-05-04,1488.7700,2540.9000,1353.3100,2054.7400,1511.7200,1356.2300
2017-05-05,1488.7700,2540.9000,1353.3100,1976.6300,1497.8200,1347.5700
2017-05-08,1485.0700,2530.1300,1363.1800,1981.9400,1494.8300,1328.4700
2017-05-09,1479.7400,2530.1300,1363.1800,1788.6400,1494.8300,1308.3100
2017-05-10,1466.9300,2530.8900,1363.1800,1794.4400,1494.8300,1306.3300
2017-05-11,1460.0500,2530.3300,1416.2300,1815.9900,1493.4200,1315.6200
2017-05-12,1438.1400,2503.2600,1800.0000,1791.5900,1497.8200,1372.7900
2017-05-15,1421.4000,2483.5900,1604.6900,1928.6700,1471.1500,1347.8900
2017-05-16,1383.6600,2496.9700,1554.7400,1786.8200,1441.9400,1318.9400
2017-05-17,1420.1600,2522.7700,1554.7400,1786.8300,1403.1100,1380.3600
2017-05-18,1416.7900,2460.3000,1604.6900,1782.8800,1403.1100,1385.3200
2017-05-19,1402.1100,2454.5800,1604.6900,1745.5800,1403.1100,1378.3000
2017-05-22,1388.3600,2443.7000,1554.7400,1766.6800,1389.2300,1373.2800
2017-05-23,1361.5100,2419.2200,1528.8100,1787.0800,1389.2300,1361.9600
2017-05-24,1322.7800,2353.3300,1535.2600,1818.6100,1388.3600,1354.1200
2017-05-25,1327.1100,2336.7300,1563.6000,1818.6100,1388.3000,1357.8400
2017-05-26,1329.1700,2343.1200,1613.6000,1787.4000,1388.3000,1361.2900
2017-05-29,1326.0100,2347.6900,1630.3800,1845.4100,1388.2300,1365.6600
2017-05-30,1328.8900,2349.9700,1636.9900,1838.4500,1388.2300,1363.6400
2017-05-31,1329.1700,2356.4500,1616.3000,1830.6600,1388.3000,1365.6800
2017-06-01,1468.4800,2614.4600,1622.0300,1830.6000,1389.1600,1335.4100
2017-06-02,1472.2300,2530.0800,1630.3800,2005.4800,1388.3600,1378.0800
2017-06-05,1409.6200,2453.4700,1955.6300,1823.7000,1388.3000,1419.0800
2017-06-06,1365.9900,2469.6800,1962.4300,1818.6000,1388.2300,1411.8900
2017-06-07,1336.9800,2443.1800,2021.1600,1988.3800,1388.2300,1427.8000
2017-06-08,1436.9100,2379.9200,2055.4300,1988.5900,1389.1000,1445.0200
2017-06-09,1436.9100,2375.6800,1968.9700,1805.2000,1389.1000,1414.4700
2017-06-12,1456.6100,2373.8900,1922.7800,1758.6500,1389.0800,1427.6700
2017-06-13,1430.0300,2340.4700,1909.4800,1741.8300,1389.0600,1403.3700
2017-06-14,1422.2600,2332.2700,1909.4800,1753.8700,1388.1900,1398.6300
2017-06-15,1449.2700,2282.6900,1905.2500,1739.9100,1388.1900,1394.2300
2017-06-16,1447.2100,2282.2000,1909.4800,1747.2500,1382.5300,1396.2500
2017-06-19,1408.5000,2253.2300,1938.5900,1765.8900,1331.5700,1390.0800
2017-06-20,1395.4200,2228.1500,1977.0000,1748.9000,1331.5700,1401.3700
2017-06-21,1482.8900,2199.9700,2037.9900,1744.3300,1331.5700,1435.8700
2017-06-22,1468.6500,2200.4300,2038.4300,1789.6600,1331.5700,1468.3200
2017-06-23,1468.2100,2187.7700,2053.5400,1791.3200,1331.5700,1463.8300
2017-06-26,1333.1600,2216.3800,2050.0300,1830.9500,1331.5700,1427.7300
2017-06-27,1291.9000,2159.4900,2050.0300,1841.3400,1331.5700,1411.7900
2017-06-28,1289.8400,2159.4900,2050.2500,1839.2200,1331.5700,1409.6900
2017-06-29,1289.8400,2166.6200,2050.2500,1829.2100,1331.5700,1407.5100
2017-06-30,1296.6200,2179.2900,2024.5800,1821.4800,1331.5700,1404.8700
2017-07-03,1488.5200,2359.7300,2016.7400,1823.0400,1366.8700,1386.4000
2017-07-04,1498.8800,2359.7900,2031.2300,1821.1400,1366.8700,1389.9600
2017-07-05,1498.8800,2359.7900,2016.7400,1805.9500,1366.8700,1381.2900
2017-07-06,1493.5400,2359.7900,2016.7400,1770.7900,1357.7600,1371.7500
2017-07-07,1493.5400,2359.7900,2002.8900,1754.0900,1357.7600,1365.8900
2017-07-10,1372.5200,2359.7900,1637.1400,1770.7800,1357.7600,1283.8500
2017-07-11,1334.2400,2359.4100,1986.1200,1854.8200,1357.7600,1347.1200
2017-07-12,1332.5300,2357.4100,2114.9100,1902.4000,1357.7600,1443.0200
2017-07-13,1331.1800,2352.9300,1986.7400,1989.6700,1356.1000,1423.9900
2017-07-14,1332.5200,2352.9300,1970.7700,1876.2600,1356.1000,1411.0800
2017-07-17,1292.9900,2333.4800,1943.7100,1828.9400,1356.1800,1395.4800
2017-07-18,1298.0100,2278.1500,1943.7100,1845.5900,1356.1800,1391.1100
2017-07-19,1297.9800,2280.4200,1889.6700,1994.2300,1356.1000,1395.0100
2017-07-20,1297.9800,2267.5200,1883.8800,1917.7700,1356.1000,1388.3300
2017-07-21,1297.9800,2267.5200,1883.8800,1815.5200,1297.8900,1409.0000
2017-07-24,1337.2200,2318.1200,1967.6500,1902.4000,1297.8900,1442.8100
2017-07-25,1337.2200,2308.6000,1974.6300,2040.7100,1297.8900,1455.4900
2017-07-26,1337.2200,2319.7600,1554.7600,2090.6400,1308.1800,1390.0900
2017-07-27,1324.6000,2302.2900,1544.0600,2012.6600,1308.2300,1373.4600
2017-07-28,1324.6000,2304.7700,1531.1800,1728.2400,1297.9300,1343.8000
2017-07-31,1324.1700,2397.0500,1553.5800,1952.3900,1297.9700,1377.4800
2017-08-01,1376.7500,2597.5500,1372.0000,1733.4000,1297.9700,1357.8800
2017-08-02,1667.2200,2706.2600,1421.4900,1745.5400,1297.9000,1433.7400
2017-08-03,1667.2200,2705.8800,1422.2500,1865.2200,1297.9000,1452.6800
2017-08-04,1667.2200,2706.2600,1423.1700,1719.2800,1297.8300,1438.4600
2017-08-07,1700.8000,2706.9600,1416.1000,1800.2700,1297.8400,1439.5000
2017-08-08,1663.1200,2689.4900,1423.2100,1752.5800,1297.8300,1426.7300
2017-08-09,1668.1400,2698.9300,1423.2100,1920.1400,1297.8300,1443.4200
2017-08-10,1663.1200,2636.6200,1423.2100,1907.3800,1297.8200,1429.0300
2017-08-11,1658.3100,2630.4100,1423.2100,1817.0700,1297.8300,1419.3800
2017-08-14,1675.9500,2649.5100,1424.6900,1906.2100,1352.2800,1443.9500
2017-08-15,1665.6700,2626.8600,1389.9700,1941.8900,1352.3000,1436.8700
2017-08-16,1680.9700,2636.6200,1389.9700,1917.0300,1352.3000,1438.8500
2017-08-17,1720.4700,2711.8300,1397.0800,1944.1700,1352.3300,1458.4700
2017-08-18,1703.1200,2760.8500,1433.3400,1943.9100,1352.3300,1466.2700
2017-08-21,1666.4200,2681.8300,1440.0300,1866.0700,1352.3400,1449.0900
2017-08-22,1684.5500,2639.6800,1394.2500,1866.0700,1352.3600,1438.8500
2017-08-23,1619.4200,2504.9200,1391.9200,1756.8300,1371.0200,1408.5100
2017-08-24,1619.0200,2493.9800,1644.0200,1814.0100,1401.8700,1446.1200
2017-08-25,1627.3600,2562.6800,1620.5900,1888.3500,1401.1000,1456.5900
2017-08-28,1619.4700,2606.7100,1833.3700,1865.6100,1367.6900,1493.1600
2017-08-29,1598.8000,2454.1100,1833.3700,1741.7600,1401.8800,1461.9600
2017-08-30,1583.0200,2457.4200,1850.0400,1758.0500,1401.1400,1461.4500
2017-08-31,1585.5200,2458.4600,1856.7100,1725.7700,1385.4700,1458.9300
2017-09-01,1564.6700,2265.6100,1639.3900,1661.5600,1397.9600,1373.7800
2017-09-04,1589.6700,2466.4800,2204.5500,1806.1100,1398.1000,1516.1300
2017-09-05,1584.2500,2392.9600,2188.0100,1715.3300,1397.9600,1495.8100
2017-09-06,1582.9100,2392.9600,2187.8800,1767.8200,1398.1600,1508.5900
2017-09-07,1567.9600,2391.9200,2237.6800,1795.7700,1398.1600,1515.4900
2017-09-08,1567.9600,2391.9200,2237.6800,1759.3900,1397.9600,1510.5300
2017-09-11,1551.9600,2338.0800,2231.6800,1767.5300,1397.9300,1493.4900
2017-09-12,1551.9600,2337.0400,2246.0200,1765.9500,1397.9300,1493.8400
2017-09-13,1551.9600,2333.7300,2250.7600,1696.5200,1379.7600,1487.1900
2017-09-14,1551.0700,2303.5300,2254.3600,1642.2600,1341.2400,1473.9100
2017-09-15,1602.8300,2374.9500,2626.1900,1577.6700,1351.4300,1550.8300
2017-09-18,1603.8100,2314.4800,2646.1900,1503.2100,1397.8800,1543.3300
2017-09-19,1588.4800,2293.5400,2646.1900,1503.1300,1397.8600,1537.8300
2017-09-20,1564.2400,2293.5400,2646.1900,1503.1300,1397.9800,1530.5200
2017-09-21,1566.2500,2249.1000,2646.1900,1566.2000,1398.0800,1532.0300
2017-09-22,1556.2200,2239.8900,2646.1900,1638.3600,1398.2000,1533.2800
2017-09-25,1538.3000,2235.8000,2688.0000,1601.2200,1398.1100,1533.9700
2017-09-26,1540.7900,2230.3700,2009.9200,1541.4400,1398.1100,1413.0900
2017-09-27,1514.7600,2213.8400,2000.9000,1562.2300,1083.7600,1390.0600
2017-09-28,1510.9100,2155.8500,2010.9100,1821.8100,1085.0700,1407.0800
2017-09-29,1503.8200,2139.3300,2010.9100,1546.6200,1085.0700,1376.5200
2017-10-02,1444.1700,2139.9200,2236.4500,1548.5600,1141.7200,1391.4300
2017-10-03,1443.6100,2071.5500,2165.8200,1529.1600,1141.7200,1374.0900
2017-10-04,1443.6100,2071.5500,2061.7200,1459.3500,1141.7200,1350.8300
2017-10-05,1438.2800,2051.9700,1966.5300,1459.3500,1141.7200,1328.8700
2017-10-06,1444.1700,2045.6600,1425.2200,1321.7400,1141.7200,1223.5600
2017-10-09,1426.7200,2022.3800,1463.5400,1412.2900,1141.7200,1227.2800
2017-10-10,1421.3800,1958.4600,1463.3800,1360.6500,1141.7200,1213.8400
2017-10-11,1421.3800,1975.2900,1463.3800,1346.1100,1141.7200,1210.6100
2017-10-12,1421.3800,1954.1100,1362.8300,1272.4600,1187.0500,1179.2400
2017-10-13,1421.3800,1950.5400,1362.8300,1272.4600,1186.2600,1175.5800
2017-10-16,1400.1500,1938.4200,1372.2900,1516.6100,1186.2600,1199.0100
2017-10-17,1409.9300,1944.8000,1371.9100,1378.3800,1186.2600,1187.5800
2017-10-18,1380.6300,1928.4300,1364.7300,1370.1800,1180.2600,1175.9300
2017-10-19,1380.6300,1915.1000,1364.7300,1395.4400,1173.3300,1182.6600
2017-10-20,1370.4200,1863.1600,1364.7300,1348.6300,1141.0500,1171.0000
2017-10-23,1346.9400,1804.9000,1364.7300,1331.0600,1169.2100,1158.9200
2017-10-24,1346.0500,1800.5500,1364.7300,1331.0600,1169.2100,1160.4000
2017-10-25,1340.2700,1787.6500,1364.7300,1342.4800,1173.3100,1160.2900
2017-10-26,1340.2700,1787.6500,1363.0500,1363.6800,1173.3100,1150.4400
2017-10-27,1340.2700,1793.8600,1363.0500,1340.8000,1173.3100,1148.4700
2017-10-30,1330.4800,1793.8600,1384.9000,1363.6500,1173.3100,1148.6000
2017-10-31,1326.9300,1791.5800,1406.6000,1334.3900,1173.3100,1163.5300
2017-11-01,1610.5700,2347.2900,1542.7900,1388.7200,1215.4700,1306.7400
2017-11-02,1678.1100,2249.8100,1478.1000,1631.9600,1141.7200,1318.9900
2017-11-03,1672.5600,2223.7100,1478.1000,1620.2800,1141.7200,1314.8500
2017-11-06,1542.0700,2215.9100,1591.8200,1554.3300,1141.7200,1300.0600
2017-11-07,1539.1200,2222.0200,1591.8200,1583.1900,1142.6900,1303.1700
2017-11-08,1539.9200,2122.6500,1591.8100,1595.2400,1213.9900,1297.4100
2017-11-09,1549.6500,2105.1900,1615.5800,1590.1600,1214.0900,1300.4300
2017-11-10,1537.9500,2094.8600,1615.5800,1489.2200,1214.0900,1288.4300
2017-11-13,1452.3700,2023.7900,1615.5800,1620.7000,1213.8100,1277.4900
2017-11-14,1427.3200,1992.5600,1615.5800,1597.7500,1213.8100,1261.4100
2017-11-15,1320.1000,1847.0400,1572.8400,1300.1300,1213.8100,1176.5700
2017-11-16,1286.9300,1818.8800,1572.8400,1275.2800,1213.8100,1188.1500
2017-11-17,1286.9300,1818.8800,1595.0900,1267.5800,1213.8100,1191.6500
2017-11-20,1244.3400,1839.1000,1360.4200,1252.2200,1213.8100,1142.8200
2017-11-21,1200.9500,1826.0400,1360.4200,1235.2100,1213.8100,1129.4400
2017-11-22,1226.4000,1813.1300,1360.4200,1256.9300,1213.8100,1136.5400
2017-11-23,1175.9700,1754.5000,2235.0200,1241.9700,1213.8100,1270.6000
2017-11-24,1173.7500,1754.1200,2235.0200,1217.3600,1464.7200,1282.6700
2017-11-27,1170.7900,1753.3600,1777.4400,1241.7100,1264.8500,1211.3900
2017-11-28,1160.5300,1748.2300,1777.4400,1224.1800,1264.8500,1206.9100
2017-11-29,1157.5800,1743.8800,1777.4400,1171.4800,1264.8500,1200.0800
2017-11-30,1157.5800,1743.8800,1777.4400,1168.6300,1264.8500,1199.8100
2017-12-01,1455.3900,1697.1900,2411.7300,1141.0300,1264.8500,1338.6300
2017-12-04,1171.6200,1879.2200,2411.7300,1097.8000,1175.9200,1284.4400
2017-12-05,1169.3300,1878.0700,2411.7300,1101.3400,1175.9200,1283.8100
2017-12-06,1139.7900,1844.2000,2012.2300,1119.7200,1175.9200,1208.6300
2017-12-07,1124.4100,1806.6500,2020.9400,1191.8300,1175.9200,1216.8700
2017-12-08,1104.0600,1802.5100,2090.8300,1151.1200,1175.9200,1220.3100
2017-12-11,1099.2400,1839.6200,1661.6500,1158.5100,1175.9200,1152.5500
2017-12-12,1082.7800,1839.6200,1679.6300,1181.5200,1175.9200,1155.0700
2017-12-13,1081.8900,1823.8500,1679.6300,1178.0300,1224.0200,1157.2000
2017-12-14,1081.8900,1823.8500,1679.6300,1178.0300,1224.0200,1157.4600
2017-12-15,1071.8500,1818.6200,1679.6300,1201.6100,1224.0200,1156.9700
2017-12-18,1397.9300,1799.8500,2237.9600,1241.2900,1224.0200,1321.4700
2017-12-19,1189.1800,1975.0900,1684.2300,1223.4000,1207.9900,1201.7200
2017-12-20,1188.8800,1969.3800,1669.4000,1196.8400,1207.9900,1195.7100
2017-12-21,1188.8800,1975.0900,1669.4000,1196.2700,1224.0200,1196.5700
2017-12-22,1188.8800,1975.0900,1669.4000,1224.5000,1224.0200,1200.6500
2017-12-25,1177.4600,1992.7600,1667.7100,1417.1600,1224.0200,1207.8500
2017-12-26,1183.1700,1992.7600,1667.7100,1422.3500,1207.9900,1206.0600
2017-12-27,1186.5000,1992.7600,1667.7100,1402.4900,1207.9900,1204.9400
2017-12-28,1189.8400,1993.5200,1667.7100,1306.9800,1224.0200,1198.8300
2017-12-29,1192.5100,1993.9000,1667.7100,1306.9800,1224.0200,1199.7800
2018-01-01,1452.4900,2268.7900,1616.0000,1479.1600,1207.9900,1287.2700
2018-01-02,1491.0600,2374.9800,1833.9900,1518.4500,1207.9900,1334.6300
2018-01-03,1485.3000,2374.9800,1833.9900,1518.4500,1413.5000,1344.0600
2018-01-04,1468.8500,2368.7700,1833.9900,1441.3000,1413.5000,1333.1900
2018-01-05,1473.6100,2367.0800,1833.9900,1441.3000,1413.5000,1333.4100
2018-01-08,1448.8700,2435.0700,1833.9900,1484.6300,1413.5000,1339.1000
2018-01-09,1426.3300,2433.9300,1833.9900,1567.3200,1413.5000,1357.3700
2018-01-10,1472.4100,2437.4500,1666.5300,1647.3800,1413.5000,1343.9100
2018-01-11,1464.0400,2431.7400,1666.5300,1671.1100,1413.5000,1339.8400
2018-01-12,1459.1500,2431.7400,1666.5300,1568.1300,1413.5000,1330.0300
2018-01-15,1472.0000,2556.2300,1500.0000,1621.0200,1413.5000,1320.6900
2018-01-16,1408.9100,2783.6800,1500.0000,1521.2200,1413.5000,1323.7700
2018-01-17,1371.8500,2783.6800,1500.0000,1571.4900,1413.5000,1320.4800
2018-01-18,1355.8400,2783.6800,1500.0000,1478.5200,1413.5000,1309.3000
2018-01-19,1356.5100,2779.8700,1500.0000,1445.3300,1413.5000,1307.0400
2018-01-22,1389.4900,2856.9600,1500.0000,1498.8700,1329.7700,1322.2200
2018-01-23,1482.9700,2945.4400,1500.0000,1462.6400,1329.7700,1348.5500
2018-01-24,1390.4900,2775.4900,1544.4000,1476.5600,1413.5000,1322.0400
2018-01-25,1391.8300,2778.5100,1697.6400,1589.1800,1249.2200,1350.8500
2018-01-26,1403.5600,2778.5100,1697.6400,1549.0200,1249.2200,1350.1300
2018-01-29,1396.8300,2782.8600,1697.6400,1657.1700,1249.2200,1369.1000
2018-01-30,1396.8300,2782.1000,1697.6400,1657.2000,1254.0800,1365.6200
2018-01-31,1417.4300,2778.5100,1697.6400,1539.7300,1254.0800,1351.2700
2018-02-01,1500.0000,2851.0100,1544.4000,1492.9700,886.0500,1330.8000
2018-02-02,1525.9500,2884.5800,1595.1500,1493.0200,886.0500,1344.1100
2018-02-05,1506.4500,2841.9400,1778.6500,1457.4300,886.0500,1366.0700
2018-02-06,1506.4500,2829.3800,1778.6500,1635.7200,1413.5000,1409.0000
2018-02-07,1506.4500,2872.0100,1778.8100,1740.2600,1413.5000,1424.7100
2018-02-08,1506.4500,2873.5300,1778.8100,1682.4000,1413.5000,1419.6800
2018-02-09,1519.9300,2833.6700,1778.8100,1528.0200,1413.5000,1402.7100
2018-02-12,1515.2000,2832.5300,1648.8100,1386.7000,1413.5000,1368.6000
2018-02-13,1508.3200,2832.5300,1761.0400,1387.0300,1413.5000,1382.7700
2018-02-14,1506.1400,2823.4600,1680.0500,1413.6900,1413.5000,1368.1600
2018-02-15,1486.1600,2818.9600,1763.7800,1556.4900,1413.5000,1389.7900
2018-02-16,1486.1600,2816.7600,1763.7800,1501.8700,1413.5000,1383.2100
2018-02-19,1478.5700,2818.7400,1799.2000,1522.8800,1413.5000,1390.9200
2018-02-20,1478.5700,2818.7400,1799.2000,1526.4300,1413.5000,1391.1800
2018-02-21,1473.8800,2818.7400,1792.6800,1514.1800,1524.7500,1394.1100
2018-02-22,1489.8900,2818.7400,1918.5500,1547.7100,1524.7500,1419.7600
2018-02-23,1474.1100,2797.5300,1918.5500,1491.6800,1524.7500,1408.7700
2018-02-26,1392.4400,2784.9300,1910.3000,1520.1000,1524.7500,1392.6800
2018-02-27,1390.6800,2725.0900,1910.3000,1595.0200,1524.7500,1382.2700
2018-02-28,1376.9200,2696.6100,1910.3000,1531.2600,1524.7500,1381.0800
2018-03-01,1368.2400,2680.8500,1532.0300,1485.5000,1614.1700,1299.0600
2018-03-02,1282.3200,2541.2700,1584.8300,1546.4400,1479.1500,1272.0100
2018-03-05,1255.2400,2514.0900,1505.8500,1818.8500,1350.8800,1273.0100
2018-03-06,1249.0200,2514.0900,1505.8500,1806.1100,1350.8800,1265.0200
2018-03-07,1246.8400,2480.3600,1505.8500,1794.4000,1350.8800,1252.6200
2018-03-08,1216.3900,2445.0600,1575.1000,1794.9100,1350.8800,1253.7900
2018-03-09,1206.6400,2416.5300,1597.3100,1792.2900,1350.8800,1252.5600
2018-03-12,1186.5500,2349.7900,1597.3100,1570.6400,1424.0400,1232.3900
2018-03-13,1181.2200,2301.1400,1597.3100,1458.4700,1424.0400,1217.9000
2018-03-14,1158.9400,2253.3100,1597.3100,1492.3800,1441.9400,1211.2300
2018-03-15,1137.3400,2231.9000,1510.3000,1294.2200,1475.7000,1173.0800
2018-03-16,1137.3400,2218.5700,1543.7200,1289.5100,1441.9400,1175.1500
2018-03-19,1067.1400,2086.3500,1543.7200,1592.0200,1441.9400,1174.2700
2018-03-20,1038.8500,2048.1500,1543.7200,1659.7700,1441.9400,1171.5600
2018-03-21,1038.8500,2048.1500,1520.0800,1571.1700,1424.0400,1157.1600
2018-03-22,1038.8500,2048.1500,1506.7500,1322.1000,1424.0400,1132.6800
2018-03-23,1033.8300,2042.8400,1506.7500,1322.1000,1441.9400,1132.5700
2018-03-26,1033.8300,2042.8400,1506.7500,1539.1500,1441.9400,1149.7700
2018-03-27,1032.7500,2038.4900,1506.7500,1312.8600,1441.9400,1128.9100
2018-03-28,1033.8300,2042.8400,1506.7500,1418.2100,1441.9400,1138.5600
2018-03-29,1018.0600,2015.4200,1506.7500,1412.9300,1441.9400,1132.0200
2018-03-30,1018.0600,2015.4200,1520.0800,1293.1700,1441.9400,1123.5200
2018-04-02,1149.9200,2186.5500,,1240.2700,600.0000,1118.4600
2018-04-03,1126.9800,2182.2500,1040.0000,1182.2400,600.0000,1023.1000
2018-04-04,1130.8900,2183.6400,1040.0000,1201.1700,600.0000,1026.5000
2018-04-05,1105.6000,2170.4000,1040.0000,1266.1800,600.0000,1026.6700
2018-04-06,1113.9400,2164.2200,1040.0000,1459.7500,600.0000,1044.8500
2018-04-09,1113.9400,2165.6000,1177.5400,1541.0900,600.0000,1076.0800
2018-04-10,1113.4100,2152.6600,1177.5400,1283.4200,1144.6600,1079.5000
2018-04-11,1113.4100,2135.5700,1167.3500,1270.0800,1144.6600,1074.1600
2018-04-12,1092.0700,2133.8800,1167.3500,1236.8000,1455.4000,1087.9100
2018-04-13,1092.0700,2133.8800,1167.3500,1227.7000,1455.4000,1087.6800
2018-04-16,1111.4300,2298.9400,1217.8300,1372.9700,1438.6700,1132.7900
2018-04-17,1125.1800,2216.9900,1177.5400,1170.6900,1438.6700,1118.9400
2018-04-18,1125.1800,2245.5500,1177.5400,1107.3600,1438.6700,1113.4100
2018-04-19,1149.9100,2225.0800,1217.8300,1110.1200,1438.6700,1127.2600
2018-04-20,1149.9100,2208.7900,1217.8300,1110.1200,1438.6700,1124.1000
2018-04-23,1150.6700,2210.7900,1217.8300,1221.4200,1452.6800,1137.2000
2018-04-24,1130.1100,2168.3700,1217.8300,1197.4600,1452.6800,1126.4200
2018-04-25,1130.1100,2168.3700,1217.8300,1230.8900,1452.6800,1127.9300
2018-04-26,1130.1100,2168.3700,1217.8300,1347.2200,1452.6800,1138.9600
2018-04-27,1130.1100,2168.3700,1217.8300,1260.7600,1452.6800,1131.1500
2018-04-30,1132.2700,2251.7000,1217.8300,1322.7500,1452.6800,1145.3700
2018-05-01,1136.7500,2172.4600,1177.5400,1357.4700,886.0500,1109.4900
2018-05-02,1356.2200,2449.3400,1419.4300,1502.3500,1411.9300,1253.1500
2018-05-03,1401.4100,2434.6300,1488.1000,1470.1900,1411.9300,1267.2600
2018-05-04,1403.1300,2400.7500,1488.1000,1455.9600,1411.9300,1263.8800
2018-05-07,1393.4500,2436.5900,1307.3700,1440.4900,1444.7700,1241.2000
2018-05-08,1392.7100,2432.0200,1416.8500,1532.1300,1444.7700,1268.9200
2018-05-09,1390.9900,2382.8700,1435.2100,1550.2100,1444.7700,1273.1000
2018-05-10,1390.9900,2372.1500,1394.0000,1550.3100,1439.0400,1265.2500
2018-05-11,1354.2900,2352.7000,1394.0000,1606.9100,1439.0400,1257.3900
2018-05-14,1347.2200,2348.9200,1428.5500,1585.9800,1439.0400,1261.5800
2018-05-15,1300.6700,2292.3500,1403.2800,1582.5100,1439.0400,1239.4400
2018-05-16,1317.7300,2338.7400,1438.7700,1531.5200,1444.7700,1249.1800
2018-05-17,1314.2900,2338.7400,1443.6700,1483.1700,1444.7700,1244.4100
2018-05-18,1313.0000,2338.7400,1443.6700,1496.3800,1444.7700,1245.5700
2018-05-21,1330.4000,2347.1400,1443.6700,1652.1400,1444.7700,1265.1000
2018-05-22,1239.7600,2239.1000,1421.1500,1685.3600,1444.7700,1233.2200
2018-05-23,1230.6500,2230.1500,1409.5200,1652.0400,1444.7700,1223.1600
2018-05-24,1255.3600,2249.8000,1409.5200,1613.7500,1444.7700,1226.2700
2018-05-25,1253.2100,2258.6000,1409.5200,1613.8500,1444.7700,1227.0800
2018-05-28,1252.8400,2247.0600,1409.5200,1664.8800,1444.7700,1231.5800
2018-05-29,1252.8400,2256.3200,1409.5200,1715.2200,1444.7700,1236.6900
2018-05-30,1252.8400,2246.5500,1409.5200,1687.0400,1444.7700,1233.9600
2018-05-31,1241.6900,2229.5100,1409.5200,1686.2500,1444.7700,1228.0400
2018-06-01,1232.3800,2209.6000,1300.1500,1736.6700,1392.6300,1204.7500
2018-06-04,1288.5400,2239.9400,1607.3800,1840.7900,1473.4400,1306.4600
2018-06-05,1404.1800,2264.2600,1584.7700,1802.5600,1473.4400,1324.8000
2018-06-06,1411.6600,2424.9500,1560.0000,1814.3400,1473.4400,1338.2100
2018-06-07,1397.1000,2388.9000,1560.0000,1798.4400,1473.4400,1330.0500
2018-06-08,1398.2200,2383.4700,1560.0000,1798.4400,1473.4400,1329.7100
2018-06-11,1366.4200,2371.6700,1572.7300,1829.5100,1464.4800,1326.3700
2018-06-12,1307.6400,2381.3400,1588.8900,1782.0000,1464.4800,1302.7200
2018-06-13,1278.4600,2335.9900,1588.8900,1880.9000,1473.4400,1300.9400
2018-06-14,1272.3000,2310.9500,1588.8900,1807.5700,1473.4400,1290.5400
2018-06-15,1271.9300,2330.0000,1540.1000,1655.9900,1473.4400,1269.0900
2018-06-18,1240.8700,2289.9500,1540.1000,1859.0100,1473.4400,1276.4100
2018-06-19,1240.8700,2288.0000,1540.1000,1873.4800,1464.4800,1276.7100
2018-06-20,1234.2100,2283.0400,1540.1000,1895.6000,1464.4800,1276.7200
2018-06-21,1219.8500,2269.2500,1540.1000,2010.7500,1473.4400,1281.4800
2018-06-22,1206.4800,2264.3600,1522.9400,1991.7400,1473.4400,1273.0800
2018-06-25,1168.5000,2218.0200,1540.1000,1907.2700,1473.4400,1255.1200
2018-06-26,1156.9400,2215.2000,1540.1000,1940.0100,1473.4400,1258.2700
2018-06-27,1140.5200,2177.4200,1540.1000,1926.1100,1473.4400,1251.1600
2018-06-28,1146.4600,2177.4200,1540.1000,1932.1300,1473.4400,1253.3300
2018-06-29,1144.3900,2200.3700,1540.1000,1986.7900,1473.4400,1258.6600
2018-07-02,1869.6200,3005.0400,1770.4400,2165.2300,1315.0000,1531.8200
2018-07-03,1877.6200,3005.0400,1715.2800,2098.7500,1435.0000,1523.2500
2018-07-04,1818.7900,2883.8000,1711.1800,2003.7900,1500.0000,1492.2700
2018-07-05,1644.9300,2704.7300,1711.1800,1998.0700,1500.0000,1445.4100
2018-07-06,1613.7500,2694.9600,1715.2800,1973.9700,1385.0000,1438.8700
2018-07-09,1609.0200,2708.1300,1715.2800,2056.1000,1527.8200,1467.4900
2018-07-10,1551.3600,2644.4400,1715.4200,2046.3900,1550.0000,1448.1200
2018-07-11,1504.5500,2651.4900,1715.2800,2077.9100,1385.0000,1433.5300
2018-07-12,1518.4500,2645.0800,1715.2800,2084.2400,1439.5500,1440.8100
2018-07-13,1508.9000,2631.7700,1715.2800,2184.2600,1439.5500,1442.9200
2018-07-16,1624.0600,2701.6100,1466.0000,2210.9900,1439.5500,1429.3300
2018-07-17,1642.7300,2697.8800,1466.0000,1957.3100,1439.5500,1412.5900
2018-07-18,1648.2400,2695.9700,1466.0000,1892.2300,1439.5500,1407.4600
2018-07-19,1618.3800,2678.8500,1466.0000,2078.9100,1439.5500,1413.7000
2018-07-20,1608.6800,2681.2400,1466.0000,2006.3900,1439.5500,1405.7800
2018-07-23,1591.3000,2658.6200,1677.1400,1859.3200,1439.5500,1415.9900
2018-07-24,1594.9700,2639.2400,1693.8500,1856.8600,1439.5500,1426.0200
2018-07-25,1594.9700,2651.7400,1693.8500,1987.9100,1439.5500,1439.7500
2018-07-26,1577.5200,2646.8100,1710.5600,2013.7600,1439.5500,1441.2600
2018-07-27,1555.3700,2737.4800,1710.5600,1928.8700,1439.5500,1438.4500
2018-07-30,1531.6300,2616.2900,1710.5600,2073.0200,1439.5500,1431.9700
2018-07-31,1531.6300,2616.2800,1731.8700,1993.5200,1439.5500,1429.4500
2018-08-01,1968.8700,2989.0800,1500.0000,2394.5000,1614.5500,1536.4700
2018-08-02,2073.4500,3270.7700,1606.0100,2274.3300,1486.6400,1604.9000
2018-08-03,2073.4500,3270.2800,1606.0100,2150.8200,1486.6400,1592.5100
2018-08-06,2070.5800,3268.9500,1779.6300,1938.5200,1486.0400,1597.4400
2018-08-07,2059.0500,3260.4300,1779.6300,2036.2000,1486.0400,1608.2300
2018-08-08,2043.4600,3259.4500,1779.6300,2035.9500,1486.0400,1605.9100
2018-08-09,2055.3400,3260.4300,1735.0000,1988.4600,1486.0400,1595.6900
2018-08-10,2055.3400,3260.4300,1735.0000,1975.2200,1486.0400,1593.8500
2018-08-13,2052.2700,3247.0600,1723.4000,1960.1400,1415.3400,1582.1100
2018-08-14,2042.2500,3075.8600,1723.4000,1959.8000,1415.3400,1558.9300
2018-08-15,2009.9200,2990.5800,1690.3800,2196.5300,1460.2100,1563.0900
2018-08-16,2110.4600,3310.7700,1543.9000,2075.3200,1460.2100,1578.6800
2018-08-17,2100.8200,3322.9700,1728.0400,1996.6900,1460.2100,1605.0800
2018-08-20,2042.9700,3319.2000,1848.9600,2018.5900,1460.2100,1618.5900
2018-08-21,2087.6500,3320.7900,1802.1200,1965.0700,1460.2100,1613.2100
2018-08-22,2078.1800,3319.2000,1848.9600,1962.6900,1460.2100,1619.5600
2018-08-23,2028.5000,3316.9300,1865.4900,2016.1500,1460.2100,1617.9300
2018-08-24,2042.9700,3317.9100,1865.4900,2016.1500,1460.2100,1620.9700
2018-08-27,2069.6500,3318.0300,1848.9600,2075.8400,1460.2100,1628.7400
2018-08-28,2069.6500,3318.0300,1802.1200,2075.8700,1460.2100,1620.3500
2018-08-29,2069.6500,3307.9200,1802.1200,2065.5400,1460.2100,1618.5300
2018-08-30,2069.6500,3307.9200,1802.1200,2008.3900,1460.2100,1614.9100
2018-08-31,2069.6500,3307.9200,1802.1200,1970.2700,1460.2100,1612.0100
2018-09-03,2279.2400,3581.8300,1977.0100,2038.3600,1769.7400,1718.2300
2018-09-04,2419.0900,3665.7600,1965.0200,1931.8200,1769.7400,1739.9800
2018-09-05,2423.1700,3664.7800,1943.7200,1899.3700,1380.4600,1711.7700
2018-09-06,2370.9600,3596.0200,1948.3100,2014.1800,1380.4600,1705.3500
2018-09-07,2386.2600,3597.0000,1960.3000,1834.6900,1380.4600,1694.7900
2018-09-10,2312.1000,3505.5500,1754.3400,1804.4000,1683.5800,1647.9800
2018-09-11,2312.1000,3505.5500,1728.2700,1804.4000,1683.5800,1641.0800
2018-09-12,2298.7800,3505.5500,1728.2700,1781.8200,1635.0100,1642.5000
2018-09-13,2298.7800,3505.5500,1728.2700,1872.6700,1635.0100,1650.8500
2018-09-14,2312.1000,3513.1000,1728.2700,1789.0100,1635.0100,1646.8700
2018-09-17,2331.5700,3526.3200,1634.1500,1902.8400,1635.0100,1651.1800
2018-09-18,2333.5500,3582.3100,1643.9600,1836.8000,1635.0100,1653.0500
2018-09-19,2312.1000,3542.3500,1643.9600,1767.0800,1635.0100,1637.5700
2018-09-20,2300.6700,3533.8300,1677.8800,1814.6500,1635.0100,1635.8900
2018-09-21,2300.6700,3534.8100,1655.4800,1808.4000,1635.0100,1631.0500
2018-09-24,2313.6900,3542.3500,1621.5600,1761.8200,1635.0100,1624.9300
2018-09-25,2308.0100,3542.3500,1671.0200,1792.1000,1635.0100,1649.1700
2018-09-26,2308.0100,3542.3500,1648.6100,1796.1700,1635.0100,1648.6600
2018-09-27,2312.1000,3543.3300,1599.1600,1741.6500,1635.0100,1621.9300
2018-09-28,2312.1000,3543.3300,1599.1600,1739.0000,1635.0100,1623.8000
2018-10-01,2308.6100,3543.3300,1617.0900,1686.2400,1635.0100,1623.5300
2018-10-02,2401.6800,3517.7400,1485.7700,1655.4900,1700.0000,1624.6400
2018-10-03,2405.3900,3513.6700,1485.7700,1716.7900,1500.0000,1609.5300
2018-10-04,2405.3900,3510.4100,1485.7700,1718.8100,1515.0000,1611.4400
2018-10-05,2401.6800,3489.2300,1485.7700,1687.6200,1515.0000,1607.3300
2018-10-08,2387.2000,3460.8800,1485.7700,1647.7100,1410.4100,1592.9300
2018-10-09,2401.6800,3458.2800,1500.0500,1668.7500,1515.0000,1607.4200
2018-10-10,2310.6000,3452.2800,1500.0500,1664.6500,1825.6400,1610.4100
2018-10-11,2284.8900,3344.3400,1477.6400,1663.3500,1825.6400,1577.1900
2018-10-12,2284.8900,3345.3200,1466.8400,1582.2600,1825.6400,1569.9800
2018-10-15,1370.8100,3368.0400,1481.3600,1703.0300,1825.6400,1394.3600
2018-10-16,2515.4700,3347.9700,1455.2400,1486.9000,1825.6400,1599.1200
2018-10-17,2515.4700,3352.8600,1440.9600,1494.5800,1825.6400,1598.0200
2018-10-18,2518.5100,3344.7100,1440.9600,1493.7700,1825.6400,1598.0100
2018-10-19,2505.0500,3348.9500,1440.9600,1494.5800,1825.6400,1595.4500
2018-10-22,2523.6900,3344.7100,1440.9600,1492.6000,1825.6400,1598.9200
2018-10-23,2524.8000,3344.7100,1440.9600,1557.8600,1788.7200,1595.8400
2018-10-24,2524.8000,3344.7100,1452.1200,1557.8000,1825.6400,1601.9500
2018-10-25,2535.0600,3298.1900,1440.9600,1577.5600,1825.6400,1606.2900
2018-10-26,2524.8000,3289.0700,1440.9600,1577.4900,1825.6400,1608.5500
2018-10-29,2524.8000,3321.6500,1440.0500,1483.9600,1809.6500,1604.5000
2018-10-30,2524.8000,3273.5400,1430.7400,1485.3400,1825.6400,1596.7800
2018-10-31,2524.8000,3274.4500,1440.0500,1485.3400,1825.6400,1598.4000
2018-11-01,2590.9700,3546.7700,1410.9200,1663.1600,2208.0000,1667.2900
2018-11-02,2582.2700,3654.2800,1638.1600,1819.7800,1515.0000,1698.6300
2018-11-05,2593.8100,3588.6700,1645.4000,1794.1400,1515.0000,1690.6400
2018-11-06,2598.9400,3588.6700,1625.3200,1787.7200,1515.0000,1689.7200
2018-11-07,2588.2500,3595.6800,1606.2100,1791.1900,1515.0000,1686.0400
2018-11-08,2588.2500,3595.6800,1595.8800,1784.2400,1515.0000,1665.4500
2018-11-09,2571.1100,3659.1800,1574.5200,1783.0700,1515.0000,1661.6600
2018-11-12,2524.9200,3587.5100,1524.7300,1746.0200,1515.0000,1633.7100
2018-11-13,2434.9500,3562.8800,1530.9300,1766.5100,1515.0000,1620.5400
2018-11-14,2494.3600,3572.8300,1552.3000,1766.8500,1515.0000,1638.8900
2018-11-15,2467.5400,3630.7400,1506.1800,1630.8900,1515.0000,1618.6900
2018-11-16,2540.3700,3778.4800,1477.0800,1723.6900,1515.0000,1650.5600
2018-11-19,2557.3000,3739.4800,1477.0800,1745.0500,1515.0000,1644.5600
2018-11-20,2552.8400,3738.5000,1467.3300,1728.9300,1515.0000,1641.2100
2018-11-21,2502.3700,3763.9200,1467.3300,1702.2000,1515.0000,1631.3500
2018-11-22,2502.3700,3772.0600,1467.3300,1702.2000,1515.0000,1635.9100
2018-11-23,2386.9600,3785.0600,1467.3300,1726.0300,1515.0000,1616.0300
2018-11-26,2366.4800,3765.5200,1477.0800,1724.4000,1515.0000,1613.4000
2018-11-27,2245.5400,3729.7500,1477.0800,1720.7900,1515.0000,1583.1400
2018-11-28,2454.1700,3704.8900,1467.3300,1722.9400,1515.0000,1621.3700
2018-11-29,2252.2200,3693.0500,1448.2900,1751.9100,1515.0000,1579.0900
2018-11-30,2246.2700,3662.1000,1448.2900,1770.7000,1515.0000,1575.2200
2018-12-03,2083.1200,3382.6500,1505.5900,1885.6700,1845.0000,1574.6500
2018-12-04,2903.9400,3474.4300,1505.5900,1949.2600,2693.2700,1801.1300
2018-12-05,2224.9100,3406.0100,1472.1300,1865.4900,2693.2700,1642.2000
2018-12-06,2128.9700,3432.6500,1438.6700,1725.3900,2693.2700,1601.9400
2018-12-07,2125.5500,3370.5200,1438.6700,1727.0700,2693.2700,1594.6900
2018-12-10,2121.9600,3362.0400,1485.9200,1708.6700,2693.2700,1600.7800
2018-12-11,2066.4200,3352.2300,1476.7500,1757.4800,1845.0000,1535.3600
2018-12-12,2053.7000,3316.9000,1485.9200,1769.7900,1845.0000,1532.1600
2018-12-13,2058.1500,3334.6800,1476.8100,1782.1800,1845.0000,1526.8000
2018-12-14,2058.1500,3334.6800,1476.8100,1782.1800,1845.0000,1526.8200
2018-12-17,1892.2500,3060.5500,1435.1000,1931.0900,1845.0000,1465.4800
2018-12-18,1837.7000,2901.7200,1421.9000,1977.6100,1845.0000,1436.2800
2018-12-19,1796.4000,2868.3000,1440.0000,1870.4500,1817.8800,1416.8300
2018-12-20,1816.8200,2870.2600,1440.0000,1865.4900,1817.8800,1420.5500
2018-12-21,1821.8500,2948.6300,1440.0000,1980.6400,1817.8800,1440.3300
2018-12-24,1751.6100,2809.3900,1440.0000,1965.6600,1817.8800,1411.2400
2018-12-25,1762.6700,2829.5900,1440.0000,2036.5300,1817.8800,1421.6600
2018-12-26,1742.4600,2807.5200,1440.0000,2076.2400,1817.8800,1417.6000
2018-12-27,1724.4400,2786.5500,1440.0000,1989.8700,1817.8800,1403.7000
2018-12-28,1705.5400,2774.2900,1435.1000,2190.7700,1817.8800,1417.0300
2018-12-31,1688.6600,2728.2100,1435.1000,2254.3700,1817.8800,1413.8200
2019-01-01,1670.4100,2689.7800,1514.5300,2879.7800,1515.0000,1487.0000
2019-01-02,1950.7200,3236.5900,1518.8600,2499.6000,1515.0000,1552.8000
2019-01-03,2005.0900,3157.1800,1627.1700,2240.1600,1515.0000,1550.2900
2019-01-04,2025.5000,3149.6800,1619.5000,2401.1900,1515.0000,1569.1500
2019-01-07,2099.0000,3306.0500,1619.5000,2317.7700,1515.0000,1598.3400
2019-01-08,2091.0700,3213.8500,1619.5000,2316.2800,1515.0000,1588.7100
2019-01-09,2024.9100,3158.0200,1619.5000,2138.2800,1515.0000,1553.3900
2019-01-10,1889.8300,3107.8700,1619.5000,2128.8400,1415.7200,1528.4500
2019-01-11,1851.0600,3038.0500,1619.5000,2278.6100,1415.7200,1527.5800
2019-01-14,1869.5600,2975.2600,1694.8400,2238.9100,1400.0000,1528.1100
2019-01-15,1767.1500,2992.3600,1671.2900,2067.4100,1415.6500,1486.5300
2019-01-16,2190.5800,3369.2500,1751.3400,2104.8200,1415.6500,1631.4500
2019-01-17,2157.7000,3343.9500,1657.1700,2143.9400,1415.6500,1609.4400
2019-01-18,2142.7800,3317.3400,1751.3400,2150.5900,1415.6500,1620.9100
2019-01-21,2109.3700,3311.4600,1751.3400,2007.7800,1415.6500,1600.5400
2019-01-22,2097.9000,3306.0300,1751.3400,2007.7800,1415.6500,1595.9000
2019-01-23,2109.5500,3314.1700,1751.3400,2143.8000,1415.6500,1612.3100
2019-01-24,2119.3100,3308.8800,1751.3400,2123.0700,1415.6500,1611.7600
2019-01-25,2096.7300,3300.4800,1657.1700,2143.2600,1415.6500,1592.4800
2019-01-28,2083.2800,3298.7200,1657.1700,2289.4700,1415.6500,1603.5600
2019-01-29,2067.6900,3294.1600,1657.1700,2172.3000,1415.6500,1582.5300
2019-01-30,2075.3100,3302.8000,1657.1700,2296.8600,1415.6500,1596.6300
2019-01-31,2078.7200,3300.9700,1657.1700,2141.1000,1415.6500,1585.1900
2019-02-01,1993.4500,3181.5100,1676.9400,2459.8100,1375.0000,1572.3900
2019-02-04,2026.1400,3188.3400,1800.0000,1989.4600,1400.0000,1562.0600
2019-02-05,2034.5800,3185.7300,1768.9500,1779.8500,1400.0000,1541.2400
2019-02-06,1991.4400,3170.0100,1768.9500,1762.6300,1400.0000,1529.5200
2019-02-07,1991.4400,3168.0500,1768.9500,1790.1600,1400.0000,1531.3000
2019-02-08,1993.0400,3168.0500,1768.9500,1816.6800,1400.0000,1536.2900
2019-02-11,1978.1200,3166.8200,1768.9500,1749.0400,1875.9400,1572.6700
2019-02-12,1974.7800,3179.8500,1780.0000,1822.1000,1975.5100,1588.9000
2019-02-13,1957.6700,3153.0900,1780.0000,1869.7100,1975.5100,1586.2700
2019-02-14,1958.1100,3167.2100,1680.0000,1980.8700,1975.5100,1579.6300
2019-02-15,1879.0400,3118.0700,1580.0000,1981.3700,1975.5100,1541.1100
2019-02-18,1806.9500,3045.0900,1630.0000,1869.5500,1975.5100,1518.2800
2019-02-19,1802.1400,3041.6000,1630.0000,1788.2600,1975.5100,1509.6100
2019-02-20,1781.2800,3028.5500,1580.0000,1970.2000,1975.5100,1511.5800
2019-02-21,1770.8300,3008.7400,1580.0000,2032.6700,1975.5100,1514.2300
2019-02-22,1756.8300,3003.0100,1580.0000,1969.9100,1975.5100,1504.0200
2019-02-25,1710.6100,2957.8000,1680.0000,1962.0600,1975.5100,1507.5400
2019-02-26,1672.1900,2921.2300,1680.0000,1934.2700,1975.5100,1493.2700
2019-02-27,1600.1500,2842.0700,1680.0000,1952.0300,1975.5100,1472.5200
2019-02-28,1597.3500,2805.2500,1680.0000,1907.1800,1975.5100,1463.1200
2019-03-01,1561.5300,2807.3000,1630.0000,2228.4300,2338.0000,1472.4500
2019-03-04,1548.7900,2787.2300,1605.0000,2070.7400,2338.0000,1450.3700
2019-03-05,1523.7900,2763.5500,1500.0000,2125.1400,2338.0000,1431.0700
2019-03-06,1524.6700,2766.2300,1500.0000,2014.8300,2338.0000,1423.6600
2019-03-07,1515.4300,2780.9500,1360.9700,1686.3300,2338.0000,1396.6800
2019-03-08,1489.0000,2739.8200,1337.9700,1838.7100,2338.0000,1396.7800
2019-03-11,1481.4400,2753.4100,1352.3400,1812.2300,2338.0000,1396.9500
2019-03-12,1429.6600,2712.2700,1352.3400,1819.6200,2338.0000,1380.1100
2019-03-13,1431.8900,2691.2200,1352.3400,1686.1700,2338.0000,1367.4300
2019-03-14,1417.5700,2692.2900,1352.3400,1805.2200,1670.2700,1339.7300
2019-03-15,1391.7500,2620.0300,1251.7000,1700.9800,1670.2700,1302.7200
2019-03-18,1376.8600,2572.9100,1251.7000,1718.1900,1670.2700,1295.2300
2019-03-19,1361.9100,2563.1500,1251.7000,1679.4700,1670.2700,1286.0200
2019-03-20,1327.6200,2526.6200,1281.9200,1578.1000,1670.2700,1275.9700
2019-03-21,1314.1900,2473.7900,1281.9200,1689.1900,1670.2700,1276.8500
2019-03-22,1297.2600,2492.7700,1281.9200,1570.6000,1670.2700,1264.5800
2019-03-25,1305.7700,2506.4700,1281.9200,2060.3100,1670.2700,1314.5200
2019-03-26,1285.7400,2473.0800,1281.9200,1906.8000,1670.2700,1293.0000
2019-03-27,1282.0300,2474.9900,1281.9200,2024.4100,1670.2700,1303.0400
2019-03-28,1280.5400,2457.0100,1281.9200,2021.3700,1670.2700,1299.9400
2019-03-29,1280.5400,2468.0800,1281.9200,1904.1200,1670.2700,1289.3100
2019-04-01,1318.3700,2746.4900,,1842.9700,,1313.6600
2019-04-02,1591.2200,2743.4100,1029.1100,2320.0700,1897.1700,1408.0300
2019-04-03,1589.3600,2785.5900,1029.1100,2320.0900,1897.1700,1405.8800
2019-04-04,1589.9400,2755.2300,1029.1100,2308.9100,1897.1700,1393.9900
2019-04-05,1585.2600,2761.8100,1029.1100,2226.8600,1897.1700,1386.3300
2019-04-08,1583.4000,2768.6400,1029.1100,2308.7500,1897.1700,1381.9700
2019-04-09,1581.0700,2770.8800,1029.1100,2306.5300,1897.1700,1380.8000
2019-04-10,1585.0800,2745.3400,1029.1100,2151.5400,1897.1700,1367.1800
2019-04-11,1573.6000,2751.2200,1029.1100,2312.2300,1897.1700,1382.1400
2019-04-12,1588.3500,2762.0400,1256.9100,1918.9000,2039.0700,1380.4300
2019-04-15,1582.0700,2740.0400,1117.5600,1464.6700,2039.0700,1311.8700
2019-04-16,1563.4700,2657.2200,1298.7700,1546.8000,2039.0700,1337.9000
2019-04-17,1557.8800,2650.5600,1330.2000,1546.7900,2039.0700,1341.3800
2019-04-18,1553.8300,2643.6600,1330.2000,1493.9800,2039.0700,1335.0700
2019-04-19,1560.2900,2665.8900,1359.6600,1493.9800,2039.0700,1343.4200
2019-04-22,1537.9800,2668.5200,1359.6600,1537.0200,2039.0700,1343.9900
2019-04-23,1534.5600,2680.9200,1321.0400,1534.5600,2039.0700,1337.5900
2019-04-24,1524.8200,2660.9600,1321.0400,1451.4600,2059.3300,1327.6500
2019-04-25,1530.6100,2671.7500,1321.0400,1442.3300,2059.3300,1330.4800
2019-04-26,1525.4000,2669.7500,1321.0400,1460.5900,2059.3300,1331.6000
2019-04-29,1544.9800,2751.1200,1321.0400,1433.2300,2059.3300,1342.4000
2019-04-30,1545.2600,2751.1600,1321.0400,1442.3300,2059.3300,1345.1800
2019-05-01,1537.0600,3121.3200,1336.7700,1872.5000,2022.8900,1426.6300
2019-05-02,1556.9300,2924.8400,1472.4900,1894.1800,2022.8900,1418.3200
2019-05-03,1557.6700,2929.1800,1472.4900,1724.9400,2022.8900,1408.6700
2019-05-06,1557.2800,2920.4700,1396.3600,1922.2100,2022.8900,1410.4700
2019-05-07,1554.6800,2920.4700,1443.7300,1896.6200,2064.9200,1419.4300
2019-05-08,1559.1300,2944.3000,1422.0800,1898.6100,2064.9200,1419.8100
2019-05-09,1497.3200,2932.2100,1418.5300,1844.0400,2058.1300,1397.0000
2019-05-10,1485.7300,2913.5500,1418.5300,1814.9200,2058.1300,1390.0700
2019-05-13,1461.3400,2901.5000,1418.5300,1846.8500,2057.7300,1404.6000
2019-05-14,1462.8200,2919.9800,1418.5300,1850.0000,2061.5300,1405.9100
2019-05-15,1415.8500,2870.0400,1422.0800,1893.0800,2033.9600,1371.6500
2019-05-16,1371.9300,2797.4800,1390.2500,1667.7500,2046.7100,1314.2500
2019-05-17,1388.4900,2884.3600,1390.2500,1755.4200,2046.7100,1335.2000
2019-05-20,1326.8100,2803.6600,1390.2500,1558.1700,2046.7100,1295.7000
2019-05-21,1315.0200,2775.6400,1390.2500,1558.1700,2046.7100,1292.9900
2019-05-22,1307.1200,2759.6100,1390.2500,1741.6100,2046.7100,1307.3200
2019-05-23,1289.7900,2710.8100,1390.2500,1668.3400,2044.4300,1290.6200
2019-05-24,1297.7300,2705.8100,1390.2500,1669.4200,2044.4300,1291.8300
2019-05-27,1271.6000,2705.8100,1422.0800,1779.7700,2044.4300,1312.3200
2019-05-28,1239.2900,2604.8200,1357.4700,1740.7600,2044.4300,1280.5200
2019-05-29,1239.2900,2622.0700,1357.4700,1762.3800,2044.4300,1285.4300
2019-05-30,1231.4800,2615.9800,1357.1200,1755.4600,2009.6200,1283.3200
2019-05-31,1223.6800,2609.0800,1357.1200,1788.6500,2009.6200,1282.8900
2019-06-03,1477.8500,2717.6400,1344.8200,1699.6400,2007.6000,1351.6000
2019-06-04,1488.7600,2780.0000,1344.8200,1855.4500,2007.6000,1373.4100
2019-06-05,1469.7200,2766.0600,1344.8200,1855.6000,2007.6000,1366.8100
2019-06-06,1470.2900,2765.2600,1344.8200,1706.9600,2007.6000,1357.1900
2019-06-07,1472.0000,2731.3800,1344.8200,1824.5600,2007.6000,1361.1000
2019-06-10,1468.8600,2730.9200,1344.8200,1693.8900,2007.6000,1348.3000
2019-06-11,1461.2800,2723.9500,1344.8200,1844.5000,2007.6000,1355.4900
2019-06-12,1445.8700,2694.6500,1344.8200,1711.7900,2007.6000,1334.9200
2019-06-13,1437.2200,2670.5500,1344.8200,1681.8400,2007.6000,1330.9000
2019-06-14,1438.7400,2718.6900,1344.8200,1578.7800,2007.6000,1329.8000
2019-06-17,1405.5100,2667.0900,1289.0300,1751.6200,2007.6000,1318.9300
2019-06-18,1405.5100,2622.3500,1289.0300,1571.1500,2007.6000,1298.7500
2019-06-19,1407.8000,2632.9900,1289.0300,1730.3800,2007.6000,1308.5400
2019-06-20,1403.5200,2639.7300,1289.0300,1623.1800,2007.6000,1304.4500
2019-06-21,1403.5200,2617.0400,1289.0300,1623.1800,2007.6000,1302.0800
2019-06-24,1408.4200,2659.6400,1289.0300,1707.6900,1887.9200,1313.5600
2019-06-25,1387.1900,2636.4600,1289.0300,1808.2900,1936.4900,1318.5900
2019-06-26,1375.5200,2649.2700,1289.0300,1802.4900,1936.4900,1317.0100
2019-06-27,1372.8900,2675.4500,1266.0300,1782.0800,1936.4900,1313.1400
2019-06-28,1357.2300,2636.1900,1266.0300,1690.9400,2388.6700,1323.3300
2019-07-01,1350.0700,2587.0000,1266.0300,1878.1400,,1341.3800
2019-07-02,1677.5700,2826.5500,1343.6700,1509.7300,,1415.1600
2019-07-03,1584.6500,2754.0600,1343.6700,1460.7800,2156.8000,1365.0900
2019-07-04,1618.4400,2858.3100,1343.6700,1559.4100,2156.8000,1393.9800
2019-07-05,1654.6100,2887.2700,1312.0400,1463.1900,2156.8000,1390.1800
2019-07-08,1664.7600,2924.7200,1312.0400,1559.4100,2156.8000,1404.8400
2019-07-09,1646.1000,2925.5200,1360.9200,1559.4000,2156.8000,1410.1500
2019-07-10,1615.3500,2906.9900,1360.9200,1546.9700,2156.8000,1400.8000
2019-07-11,1607.7900,2929.6200,1360.9200,1544.0400,2028.0300,1393.9600
2019-07-12,1597.8400,2916.1900,1360.9200,1508.5600,2028.0300,1387.3400
2019-07-15,1423.4000,2725.8100,1389.6700,1447.4800,2028.0300,1343.9300
2019-07-16,1643.3000,2951.5400,1389.6700,1533.2400,1968.0400,1402.1700
2019-07-17,1653.1300,2951.7400,1363.2700,1605.7200,1968.0400,1384.2100
2019-07-18,1591.5900,2911.1400,1363.2700,1617.0000,1968.0400,1368.5000
2019-07-19,1567.0000,3022.7600,1329.4400,1613.9500,1968.0400,1369.0700
2019-07-22,1510.6700,3014.5500,1363.2700,1486.1100,1968.0400,1360.5800
2019-07-23,1472.1300,2941.2900,1317.2300,1528.0700,1968.0400,1325.9200
2019-07-24,1495.5100,3014.3700,1317.2300,1515.0300,1968.0400,1337.0700
2019-07-25,1501.5200,3000.5800,1317.2300,1496.2300,1968.0400,1333.7100
2019-07-26,1581.3500,3028.7100,1317.2300,1458.0000,1968.0400,1353.1500
2019-07-29,1557.8300,3016.9100,1355.3200,1618.4900,1968.0400,1360.6700
2019-07-30,1546.8600,3014.2400,1355.3200,1601.4200,1968.0400,1358.1800
2019-07-31,1489.1600,2994.8500,1355.3200,1571.4300,2015.5800,1343.6700
2019-08-01,1337.1700,2725.4900,1378.7200,2539.4300,1714.1300,1352.3400
2019-08-02,1564.5100,2907.6300,1378.7200,1730.4700,1801.3600,1340.8600
2019-08-05,1443.3600,2678.3600,1357.1200,1750.3500,1801.3600,1302.1300
2019-08-06,1547.8500,2822.4500,1391.0200,1761.8500,1801.3600,1341.5900
2019-08-07,1533.2000,2791.7500,1391.0200,1743.7000,1801.3600,1454.3600
2019-08-08,1498.9600,2774.8400,1434.3400,1603.0800,1801.3600,1440.5200
2019-08-09,1474.2200,2719.6500,1457.8900,1631.8300,1801.3600,1437.3200
2019-08-12,1475.0700,2729.8200,1370.9100,1809.1200,1801.3600,1317.7900
2019-08-13,1480.2100,2750.1600,1410.6100,1750.1100,1741.7200,1322.1800
2019-08-14,1472.5900,2799.4200,1616.7400,1740.7500,1741.7200,1359.3700
2019-08-15,1392.0600,2645.3700,1663.4100,1853.6200,1741.7200,1345.1700
2019-08-16,1360.3600,2716.0200,1538.0400,2075.7900,1741.7200,1344.1500
2019-08-19,1326.4400,2684.2300,1554.3300,2255.9600,1741.7200,1351.5800
2019-08-20,1326.4400,2666.6800,1547.8100,2283.4900,1741.7200,1353.5000
2019-08-21,1322.7200,2659.7300,1546.7700,2373.7000,1741.7200,1359.0600
2019-08-22,1334.4200,2661.6900,1573.4800,2283.4900,1741.7200,1353.0900
2019-08-23,1299.7700,2627.1900,1573.4800,2218.5300,1741.7200,1337.6200
2019-08-26,1288.7700,2631.8100,1533.4000,2305.7400,1741.7200,1337.0300
2019-08-27,1287.2200,2643.3900,1546.4500,2275.6700,1861.9100,1344.0000
2019-08-28,1274.1200,2616.6400,1546.4500,2283.4900,1861.9100,1353.2100
2019-08-29,1276.7200,2632.9300,1552.4600,2283.4900,1861.9100,1358.0000
2019-08-30,1288.9700,2667.4900,1530.1700,2280.8300,1889.6000,1358.0300
2019-09-02,1616.8500,2861.2700,1482.5000,1884.8200,2078.9000,1408.2400
2019-09-03,1616.8500,2828.7500,1499.6000,1848.2600,1957.3000,1391.4800
2019-09-04,1615.8800,2852.9300,1497.2700,1819.8700,1907.2100,1389.3300
2019-09-05,1615.8800,2814.7400,1495.8600,1791.7300,1907.2100,1380.9500
2019-09-06,1595.4400,2833.8900,1476.8700,2118.7300,1907.2100,1408.3500
2019-09-09,1612.8100,2801.0500,1443.2100,1784.3000,1907.2100,1372.4100
2019-09-10,1520.3600,3079.2900,1439.0500,1760.1000,1859.5700,1377.1500
2019-09-11,1494.7900,3068.4300,1417.6000,1754.9100,1948.8900,1371.5700
2019-09-12,1479.3300,2781.7900,1434.5100,1730.8100,1915.7300,1333.4900
2019-09-13,1475.5800,2732.5000,1433.5100,1720.8800,1915.7300,1325.0000
2019-09-16,1442.6400,2733.7200,1406.3300,1756.8000,1928.0000,1314.8800
2019-09-17,1440.4900,2724.1700,1405.4700,1722.4000,1915.7300,1312.7300
2019-09-18,1440.4900,2706.3800,1384.9200,1706.7800,1915.7300,1307.8800
2019-09-19,1440.5500,2688.6200,1363.4200,1689.4600,1915.7300,1299.7900
2019-09-20,1420.7000,2683.3000,1357.0300,1701.1300,1915.7300,1293.3400
2019-09-23,1421.6900,2737.4900,1361.2000,1676.2700,1915.7300,1299.7300
2019-09-24,1371.1900,2737.8200,1317.4600,1677.9900,1915.7300,1282.5000
2019-09-25,1327.4500,2680.6500,1338.9800,1654.2300,1915.7300,1273.4200
2019-09-26,1305.2400,2703.3400,1326.4100,1632.4800,1928.1600,1269.0000
2019-09-27,1317.5900,2727.2000,1326.4100,1615.0000,1928.1600,1272.5900
2019-09-30,1314.4300,2741.6500,1296.0200,1597.7900,1928.1600,1269.4200
2019-10-01,1317.5900,2742.2000,1293.7000,1597.7900,1928.1600,1269.6600
2019-10-02,1308.7500,2739.8700,1319.0100,1549.5500,1990.7300,1268.7700
2019-10-03,1332.3200,2738.7300,1339.8100,1547.2100,1998.5000,1278.4500
2019-10-04,1319.1700,2682.9700,1290.3800,1537.3300,1991.5400,1260.1000
2019-10-07,1327.2200,2705.4200,1245.8100,1538.5200,1996.5600,1256.8300
2019-10-08,1308.3300,2715.7500,1228.6900,1495.4600,2014.5700,1251.1900
2019-10-09,1288.5200,2622.0700,1215.6500,1495.4600,2012.4900,1228.9300
2019-10-10,1278.8000,2626.5400,1214.7800,1494.8200,2012.4900,1229.5300
2019-10-11,1287.6800,2614.8300,1214.7800,1494.8200,2012.4900,1229.1800
2019-10-14,1306.2400,2597.6400,1214.7800,1494.8200,2016.8100,1235.4400
2019-10-15,1303.8900,2578.6300,1214.7800,1462.5500,2015.5300,1233.4900
2019-10-16,1320.9500,2586.6500,1248.0700,1396.7100,2015.5300,1239.5500
2019-10-17,1329.5200,2585.3700,1197.4200,1423.5200,2015.5300,1235.7300
2019-10-18,1327.1800,2643.1000,1174.2800,1431.8200,2015.5300,1240.1300
2019-10-21,1332.9600,2591.4300,1076.9400,1439.6400,2015.5300,1222.6300
2019-10-22,1348.3500,2681.1600,1121.1400,1430.6400,2015.5300,1239.0700
2019-10-23,1365.5700,2708.4800,1121.1400,1436.2700,2015.5300,1242.8000
2019-10-24,1368.9200,2706.3600,1121.1400,1428.0100,2015.5300,1242.9900
2019-10-25,1359.7600,2703.2100,1121.1400,1434.1800,2015.5300,1244.9200
2019-10-28,1364.8400,2687.9000,1115.3800,1430.1200,2015.5300,1242.5400
2019-10-29,1364.8400,2687.9000,1115.3800,1430.1200,2015.5300,1242.6900
2019-10-30,1365.2100,2705.8200,1115.3800,1430.1200,2015.5300,1251.8600
2019-10-31,1356.9400,2715.3700,1088.5900,1411.9400,2015.5300,1244.1500
2019-11-01,1360.6600,2717.6500,1080.4300,1430.1200,2015.5300,1230.4000
2019-11-04,1426.0900,2737.9000,1409.3300,1456.8900,1997.0700,1305.8400
2019-11-05,1435.8800,2745.8900,1394.1400,1479.8500,2004.0600,1313.7300
2019-11-06,1484.4300,2656.5000,1369.7400,1479.8500,2005.3000,1314.9200
2019-11-07,1482.2800,2701.2200,1369.7400,1479.8500,1990.1200,1319.2300
2019-11-08,1557.6500,2667.6800,1510.3900,1488.7000,1970.7300,1373.7500
2019-11-11,1551.2100,2714.6300,1511.0600,1500.4900,1970.7300,1376.5800
2019-11-12,1529.5500,2663.7400,1511.0600,1500.1900,1956.6700,1367.2600
2019-11-13,1516.4900,2629.2100,1511.0600,1500.4900,1956.6700,1361.2000
2019-11-14,1486.7300,2648.3900,1504.3300,1504.2400,1916.0200,1353.8100
2019-11-15,1482.9100,2650.2800,1499.1900,1503.9400,1916.0200,1352.4000
2019-11-18,1459.7900,2688.8100,1479.1100,1493.3500,1903.8000,1338.4600
2019-11-19,1420.8200,2593.8700,1495.4100,1493.6500,1912.9100,1325.7900
2019-11-20,1413.4900,2589.6900,1491.3500,1493.6500,1912.9100,1323.6300
2019-11-21,1397.2800,2597.1900,1490.7200,1493.3500,1912.9100,1320.8300
2019-11-22,1353.6000,2568.3800,1470.6400,1506.3000,1908.0200,1307.0700
2019-11-25,1344.7600,2555.2100,1459.9700,1470.2000,1912.9100,1296.9400
2019-11-26,1332.5800,2554.4600,1459.9700,1470.2000,1912.9100,1293.8100
2019-11-27,1310.6600,2513.1400,1459.9700,1470.2000,1912.9100,1284.6100
2019-11-28,1311.4800,2549.1500,1459.9700,1476.3700,1912.9100,1289.2300
2019-11-29,1308.0100,2507.7700,1459.9700,1481.1800,1912.9100,1284.5700
2019-12-02,1332.5900,2603.4200,1492.3700,1560.9400,1909.3600,1307.8700
2019-12-03,1332.5900,2606.6800,1493.6600,1565.6900,1894.1700,1307.4700
2019-12-04,1354.0300,2636.4500,1497.5200,1570.5000,1902.7200,1317.5800
2019-12-05,1358.5700,2629.6500,1501.0000,1573.5000,1909.9900,1319.1500
2019-12-06,1368.5600,2655.8600,1499.2600,1573.5000,1909.3100,1323.9400
2019-12-09,1513.6500,2785.4600,1596.8200,1638.2100,1886.1900,1383.7800
2019-12-10,1507.3500,2822.5300,1596.8200,1638.5400,1886.1900,1394.8100
2019-12-11,1495.8000,2774.6400,1596.8200,1638.5400,1874.7900,1386.0300
2019-12-12,1499.3100,2764.8200,1604.3000,1651.7100,1887.9700,1390.5400
2019-12-13,1485.9900,2788.0700,1606.3600,1654.0400,1874.3200,1391.3200
2019-12-16,1474.3700,2771.7500,1734.2400,1760.3400,1896.9200,1423.4900
2019-12-17,1468.7000,2751.4400,1772.8800,1786.3000,1876.1500,1429.9400
2019-12-18,1447.6400,2749.1700,1772.8800,1875.6800,1876.1500,1437.2800
2019-12-19,1442.6800,2735.6900,1763.5900,1844.6900,1876.1500,1430.1500
2019-12-20,1440.5200,2738.6200,1763.5900,1863.6700,1876.1500,1434.5900
2019-12-23,1382.4100,2622.0700,1887.3400,2099.5700,1912.9600,1452.4000
2019-12-24,1378.7500,2620.1400,1887.3400,2099.5700,1910.4500,1449.8400
2019-12-25,1365.9300,2623.3400,1860.3100,2099.5700,1910.4500,1443.1400
2019-12-26,1364.8200,2616.8800,1862.0500,2099.5700,1910.4500,1442.7700
2019-12-27,1364.0800,2610.1600,1862.0500,2096.3800,1906.6500,1442.8000
2019-12-30,1363.3400,2607.3600,1853.5600,2100.6300,1923.6300,1441.7500
2019-12-31,1363.3400,2602.5600,1853.5600,2100.6300,1910.3200,1440.1700
2020-01-01,1359.3200,2609.7800,1856.4700,2105.4500,1905.2000,1438.8100
2020-01-02,1374.1000,2706.0700,1932.2200,2310.8000,1874.1800,1490.1500
2020-01-03,1394.1500,2720.2500,1944.1700,2317.4200,1874.1800,1496.6200
2020-01-06,1416.8700,2766.7400,1930.9600,2318.2000,1882.8700,1503.3800
2020-01-07,1426.3400,2793.4900,1903.0700,2324.9100,1883.9300,1505.3100
2020-01-08,1577.0300,2965.9900,2069.7000,2521.4800,1880.1400,1587.0800
2020-01-09,1588.8200,2966.7300,2073.7800,2477.8200,1861.4000,1589.1400
2020-01-10,1588.7600,2961.4100,2073.7800,2502.4600,1861.4000,1591.6000
2020-01-13,1599.5600,2965.6600,2096.5900,2464.8900,1868.6000,1588.3100
2020-01-14,1586.4400,2963.2900,2097.5900,2481.4700,1868.6000,1587.8900
2020-01-15,1566.6100,2944.3200,2141.7800,2465.7000,1868.6000,1586.8000
2020-01-16,1554.1100,2953.3900,2064.4100,2472.2400,1850.7400,1568.6100
2020-01-17,1557.3800,2955.7000,2073.7000,2496.8900,1850.7400,1572.9600
2020-01-20,1500.6200,2973.1700,2018.5300,2426.2700,1823.0100,1543.6200
2020-01-21,1508.2000,2992.5500,2015.9200,2426.2700,1823.0100,1547.8000
2020-01-22,1517.8900,2937.8500,2001.9900,2426.2700,1823.0100,1548.0700
2020-01-23,1524.1800,2927.7400,2017.6600,2428.1500,1823.0100,1550.3600
2020-01-24,1524.1800,2927.7400,2017.6600,2428.1500,1822.2000,1555.2300
2020-01-27,1519.9900,2929.3700,2005.7600,2428.1500,1849.1400,1542.8900
2020-01-28,1522.2100,2839.6200,2045.7200,2413.9500,1806.1100,1503.7200
2020-01-29,1519.9900,2844.1700,2054.7700,2413.9500,1810.3000,1506.0000
2020-01-30,1522.2100,2844.1700,2075.0900,2413.9500,1810.3000,1510.0500
2020-01-31,1508.8900,2824.5200,2075.0900,2431.3200,1805.8200,1505.0500
2020-02-03,1512.2300,2820.0400,1919.2600,2390.7200,1805.8200,1473.3400
2020-02-04,1509.0000,2828.0200,1895.7800,2389.2100,1805.8200,1473.2400
2020-02-05,1507.5600,2858.2600,1765.5200,2336.5500,1784.0300,1467.9900
2020-02-06,1508.4000,2870.0800,1765.2300,2332.3400,1784.0300,1461.9500
2020-02-07,1497.2700,2859.0000,1764.3500,2332.3400,1800.5400,1461.0300
2020-02-10,1488.0900,2831.1800,1763.7700,2335.5000,1800.5400,1454.1900
2020-02-11,1487.3500,2830.8900,1763.7700,2334.9000,1800.5400,1453.5300
2020-02-12,1483.2600,2830.8900,1753.0500,2329.9300,1800.5400,1439.3400
2020-02-13,1485.1200,2827.9200,1751.3100,2331.5800,1800.5400,1436.0100
2020-02-14,1485.1200,2832.4600,1726.9200,2326.7700,1785.3400,1430.9300
2020-02-17,1383.8200,2671.9100,1632.6200,2318.5700,1840.3200,1371.2000
2020-02-18,1371.1000,2660.5100,1632.6200,2318.5700,1737.4900,1361.0700
2020-02-19,1328.0500,2593.6000,1647.1000,2291.6400,1737.4900,1346.0100
2020-02-20,1314.9600,2593.6000,1643.0300,2255.9800,1710.8700,1337.6000
2020-02-21,1320.5300,2583.4500,1632.6200,2239.0400,1695.1600,1336.1700
2020-02-24,1307.9100,2574.2800,1598.5800,2114.9500,1800.2500,1329.8600
2020-02-25,1302.1700,2567.9000,1598.5800,2114.9500,1800.2500,1329.8000
2020-02-26,1298.0800,2552.4200,1598.5800,2139.5500,1820.7800,1331.4500
2020-02-27,1296.2300,2549.8800,1602.6400,2140.1900,1820.7800,1330.9200
2020-02-28,1296.2300,2549.8800,1602.6400,2136.0400,1820.7800,1331.6000
2020-03-02,1337.8400,2601.4000,1561.8300,2130.0300,1759.6400,1369.8400
2020-03-03,1324.5200,2551.1700,1557.9800,2130.0300,1735.9300,1362.8700
2020-03-04,1330.8100,2549.5400,1533.0500,2130.0300,1716.0100,1355.4300
2020-03-05,1330.8100,2549.5400,1533.0500,2130.0300,1716.0100,1354.9700
2020-03-06,1330.8100,2549.5400,1473.1100,2130.0300,1734.1500,1346.5300
2020-03-09,1328.6600,2545.2100,1476.6900,2101.1500,1706.4500,1351.9700
2020-03-10,1328.6600,2545.2100,1446.9700,2101.1500,1758.9000,1349.6200
2020-03-11,1322.5400,2541.4600,1446.9700,2101.1500,1758.9000,1347.1100
2020-03-12,1322.5400,2541.4600,1446.9700,2101.1500,1745.0900,1340.5500
2020-03-13,1315.8800,2533.9000,1446.9700,2099.8500,1738.1700,1328.6400
2020-03-16,1406.9700,2622.6800,1448.3900,2099.0600,1738.1700,1355.8000
2020-03-17,1406.9700,2622.6800,1448.3900,2115.3600,1738.1700,1357.5600
2020-03-18,1476.7100,2730.3100,1448.3900,2107.3000,1753.7100,1384.8400
2020-03-19,1496.7300,2759.6200,1448.3900,2107.3000,1753.7100,1392.0400
2020-03-20,1511.1200,2729.4700,1448.3900,2112.6400,1753.7100,1392.3200
2020-03-23,1515.2600,2751.7700,1478.1200,2107.2400,1753.7100,1403.4700
2020-03-24,1515.2600,2744.5600,1478.1200,2107.2400,1753.7100,1405.8000
2020-03-25,1494.2500,2723.9300,1478.1200,2107.2400,1753.7100,1397.9300
2020-03-26,1492.3900,2719.0500,1478.1200,2107.2400,1753.7100,1395.8500
2020-03-27,1490.9100,2709.2700,1478.1200,2107.2400,1753.7100,1395.2700
2020-03-30,1511.7700,2804.6300,1476.3700,2107.2400,1753.7100,1410.3800
2020-03-31,1501.7800,2789.5200,1476.3700,2107.2400,1753.7100,1412.8300
2020-04-01,1533.4300,2827.4700,1434.9800,2016.7700,1974.1600,1446.0900
2020-04-02,1553.9800,2835.9400,1397.8600,2017.2900,1983.3500,1445.8100
2020-04-03,1550.6100,2828.5800,1397.8600,2017.1300,1980.3900,1447.8000
2020-04-06,1588.6000,2833.7900,1401.6400,1998.2300,1980.3900,1459.2800
2020-04-07,1604.2900,2824.5600,1401.6400,1998.4100,1987.6800,1465.0500
2020-04-08,1673.6400,2830.9600,1390.4600,1976.6700,2011.7100,1500.5400
2020-04-09,1585.4800,2709.7000,1400.3300,1976.6700,2014.4300,1468.7600
2020-04-10,1585.4800,2699.6000,1400.3300,1974.9600,2014.4300,1469.5100
2020-04-13,1599.0800,2690.0100,1400.3300,1976.3300,2014.4300,1473.4500
2020-04-14,1577.3400,2646.2700,1384.9600,1976.3300,2014.2200,1460.7000
2020-04-15,1588.4700,2662.5600,1430.4300,1933.2100,2014.2200,1469.8000
2020-04-16,1588.4700,2661.5800,1422.8800,1921.2000,2014.2200,1467.3200
2020-04-17,1567.0100,2779.3300,1422.2500,1900.0500,2000.7200,1466.0800
2020-04-20,1563.3000,2779.0100,1376.4800,1900.0500,2000.7200,1457.3900
2020-04-21,1520.1100,2674.7000,1376.4800,1900.0500,2000.7200,1437.7200
2020-04-22,1493.3900,2640.9500,1376.3200,1902.4200,2000.7200,1428.5200
2020-04-23,1493.0200,2654.5900,1376.3200,1900.6200,2000.7200,1432.8700
2020-04-24,1503.4400,2648.8200,1399.5800,1900.6200,2000.7200,1438.3900
2020-04-27,1503.4400,2657.7700,1399.5800,1897.6100,2000.7200,1441.6400
2020-04-28,1503.4400,2657.7700,1399.5800,1897.6100,2000.7200,1440.7400
2020-04-29,1503.4400,2657.7700,1399.5800,1897.6800,2004.2000,1441.6200
2020-04-30,1555.2200,2662.6000,1399.5800,1896.2800,2004.2000,1452.5100
2020-05-01,1607.3500,2690.1700,1432.2000,1958.6400,2005.0400,1479.8300
2020-05-04,1611.4000,2699.6900,1463.5600,1958.6200,2003.2800,1487.2100
2020-05-05,1611.4000,2699.6900,1465.7000,1958.6200,2003.2800,1486.2400
2020-05-06,1616.2200,2708.5600,1465.7000,1958.6200,2003.2700,1485.5300
2020-05-07,1635.9700,2708.5600,1404.5700,1954.2600,2003.2700,1478.8200
2020-05-08,1747.9700,2780.8300,1404.5700,1966.0800,1798.7100,1495.1400
2020-05-11,1748.7600,2792.9600,1404.5700,1974.0400,1849.7800,1497.2300
2020-05-12,1738.5600,2761.9800,1404.5700,1974.0400,1849.7800,1492.5300
2020-05-13,1720.5000,2742.4400,1404.5700,1967.2400,1849.7800,1485.9100
2020-05-14,1721.2400,2726.1500,1404.5700,1969.7100,1784.1400,1481.1700
2020-05-15,1687.9700,2629.7600,1458.3000,1999.9600,1783.4200,1477.3200
2020-05-18,1678.9600,2605.6400,1476.1300,1973.0700,1783.4200,1472.0000
2020-05-19,1675.7000,2610.7700,1474.6700,1975.8200,1795.8900,1472.4300
2020-05-20,1676.0700,2613.3800,1485.8500,1975.8200,1836.9000,1476.6600
2020-05-21,1668.1800,2613.3800,1472.9300,1973.0700,1864.2800,1474.0800
2020-05-22,1644.0200,2578.5800,1467.7000,1929.2500,1864.2800,1460.9600
2020-05-25,1635.8300,2572.7700,1467.7000,1930.6800,1864.2800,1455.7400
2020-05-26,1635.8300,2572.7700,1467.7000,1932.4400,1864.2800,1455.9000
2020-05-27,1636.2000,2577.9900,1467.7000,1937.4400,1883.1400,1459.8100
2020-05-28,1636.2000,2577.9900,1472.9300,1937.4700,1883.1400,1460.6900
2020-05-29,1647.7100,2600.2100,1472.9300,1937.4700,1871.7500,1464.7300
2020-06-01,1830.7900,2664.2200,1566.5500,1967.4000,1871.7500,1540.5200
2020-06-02,1840.3800,2664.2200,1588.9000,1967.4000,1871.7500,1546.1700
2020-06-03,1863.9600,2664.2200,1588.9000,1967.4000,1865.8400,1550.8700
2020-06-04,1870.9100,2676.2800,1588.9000,1967.4000,1865.8400,1555.7300
2020-06-05,1921.4900,2828.6400,1588.9000,1967.4000,1865.4500,1585.2900
2020-06-08,2154.9500,2868.8500,1652.0600,2020.1000,1884.1100,1668.9300
2020-06-09,2154.9500,2868.8500,1652.0600,2020.1000,1884.1100,1669.4400
2020-06-10,2160.1400,2875.2500,1652.0600,2003.1100,1967.1700,1674.5600
2020-06-11,2160.1400,2877.2000,1646.4800,2003.1100,1967.1700,1673.8000
2020-06-12,2206.7600,2877.2000,1646.4800,2003.1100,1950.2500,1682.2800
2020-06-15,2408.4500,3044.4300,1644.9300,1998.3000,1950.2500,1743.2000
2020-06-16,2408.4500,3054.2100,1626.4200,2033.5100,1950.2500,1745.9800
2020-06-17,2463.8100,3174.0500,1626.4200,2033.5100,1942.6500,1767.1400
2020-06-18,2457.1200,3241.1000,1626.4200,2033.5100,1935.8600,1772.8600
2020-06-19,2582.0000,3338.8500,1626.4200,2033.5100,1946.6000,1810.3200
2020-06-22,2639.9500,3274.8800,1620.8400,2033.6200,1946.6000,1794.6200
2020-06-23,2607.3200,3267.3300,1611.6900,2029.9900,1946.6000,1785.3000
2020-06-24,2591.8200,3279.7200,1611.6900,2029.9900,1946.6000,1782.0400
2020-06-25,2590.8600,3272.0200,1611.6900,2029.9900,1946.6000,1780.8900
2020-06-26,2590.8600,3270.7200,1611.6900,2029.9900,1946.6000,1780.7600
2020-06-29,2589.0100,3270.7200,1607.3200,2029.9900,1951.7200,1778.1100
2020-06-30,2589.0200,3285.8300,1607.3200,2029.9900,1951.1700,1779.9400
2020-07-01,2602.4300,3342.8100,1727.2400,2098.3700,1892.9400,1816.6000
2020-07-02,2680.6700,3422.2800,1727.2400,2098.3700,1881.3700,1839.5100
2020-07-03,2707.3100,3430.1400,1732.6600,2098.3700,1891.4200,1847.4200
2020-07-06,2776.2900,3435.3300,1744.8500,2092.9500,1898.2100,1863.5500
2020-07-07,2796.4800,3457.7700,1744.8500,2092.9500,1879.2000,1862.4500
2020-07-08,2854.9700,3445.8100,1725.1100,2098.3700,1858.9000,1865.6600
2020-07-09,2848.2900,3445.8100,1723.0800,2089.4300,1858.9000,1861.6200
2020-07-10,2779.3400,3418.5900,1723.0800,2084.0100,1845.6100,1842.7600
2020-07-13,2782.6800,3390.5200,1723.6600,2084.0100,1845.6100,1837.9500
2020-07-14,2771.8500,3381.9400,1723.6600,2084.0100,1845.6100,1834.7800
2020-07-15,2753.2900,3352.6200,1723.6600,1795.4900,1859.1900,1802.4400
2020-07-16,2753.2900,3352.6200,1723.6600,1795.4900,1859.1900,1802.2300
2020-07-17,2753.2900,3352.6200,1723.6600,1795.4900,1864.3000,1802.5200
2020-07-20,2753.2900,3342.8500,1723.6600,1795.4900,1850.7200,1799.9800
2020-07-21,2753.2900,3342.8500,1724.0900,1793.9900,1822.6100,1798.3700
2020-07-22,2692.1100,3259.5400,1678.8200,1782.1400,1830.7900,1768.6700
2020-07-23,2677.6100,3240.8700,1678.8200,1789.9700,1830.7900,1764.0100
2020-07-24,2677.6100,3240.8700,1678.8200,1784.9200,1830.7900,1763.5600
2020-07-27,2675.7500,3236.2800,1678.8200,1784.9200,1830.7900,1762.6800
2020-07-28,2675.7500,3236.2800,1678.8200,1784.9200,1830.7900,1764.0400
2020-07-29,2670.1800,3229.9200,1678.8200,1784.8900,1830.1100,1762.3400
2020-07-30,2670.1800,3229.9200,1678.8200,1784.8900,1827.0400,1761.4400
2020-07-31,2670.1800,3229.9200,1678.8200,1784.8900,1827.0400,1761.4400
2020-08-03,2764.1900,3362.2600,1726.1100,1779.7200,1785.5000,1796.5100
2020-08-04,2764.1900,3362.2600,1726.1100,1800.7400,1785.5000,1798.4400
2020-08-05,2984.9200,3443.8700,1687.3500,1800.7400,1785.5000,1845.1600
2020-08-06,2983.4500,3443.8700,1687.3500,1800.7400,1785.5000,1845.6600
2020-08-07,3061.3900,3443.8700,1692.5800,1794.0400,1645.8000,1855.1300
2020-08-10,3077.7100,3467.6600,1699.1100,1805.1300,1762.5400,1852.4800
2020-08-11,3071.0500,3466.4800,1699.1100,1805.1300,1786.5500,1852.3000
2020-08-12,3057.8900,3466.4800,1709.7800,1803.6600,1773.4400,1850.6200
2020-08-13,3053.0600,3466.4800,1684.0400,1791.3000,1773.4400,1841.5900
2020-08-14,3057.8900,3466.4800,1684.0400,1791.3000,1773.4400,1842.5800
2020-08-17,3173.8200,3559.2100,1697.8500,1775.7000,1773.4400,1877.3000
2020-08-18,3243.6700,3662.9800,1697.8500,1775.7000,1773.4400,1904.6600
2020-08-19,3280.7900,3702.8500,1705.2400,1766.6800,1752.9800,1916.7200
2020-08-20,3325.9500,3778.4200,1705.2400,1766.6800,1752.9800,1929.8200
2020-08-21,3325.9500,3782.9800,1716.3300,1766.5400,1752.9800,1934.2800
2020-08-24,3335.9400,3856.3700,1720.9200,1815.3100,1752.9800,1949.1800
2020-08-25,3322.9900,3850.9300,1701.5400,1815.3100,1752.9800,1940.4900
2020-08-26,3334.8500,3891.6600,1701.5400,1815.3100,1752.6200,1945.8200
2020-08-27,3344.5000,3891.6600,1701.5400,1803.2800,1725.2100,1945.1800
2020-08-28,3338.7600,3891.6600,1701.5400,1842.8300,1725.2100,1948.7000
2020-08-31,3338.7600,3891.6600,1701.5400,1854.9700,1725.2100,1950.2300
2020-09-01,3436.2000,4125.2900,1794.3500,1968.9600,1704.8300,2012.5200
2020-09-02,3483.6300,4320.7600,1794.3500,1968.9600,1693.6900,2041.0700
2020-09-03,3617.5700,4397.5000,1799.9200,2024.2100,1709.0900,2074.3100
2020-09-04,3624.0700,4397.5000,1814.7000,2024.2100,1709.0900,2083.9900
2020-09-07,3702.1100,4418.4900,1814.7000,2024.2100,1676.1200,2097.4600
2020-09-08,3726.5800,4490.5600,1866.4500,2026.2600,1624.1800,2115.7000
2020-09-09,3720.4600,4481.6100,1866.4500,2026.2600,1624.1800,2114.2700
2020-09-10,3720.4600,4472.1600,1885.8600,2026.2600,1633.6000,2115.1300
2020-09-11,3709.1500,4481.6100,1903.4200,2026.2600,1633.6000,2116.8500
2020-09-14,3694.2700,4481.6100,1903.4200,2054.2800,1633.6000,2118.8000
2020-09-15,3710.8100,4496.0000,2047.3000,2253.1000,1633.6000,2166.4200
2020-09-16,3726.7300,4496.0000,2047.3000,2234.1000,1653.6300,2168.3900
2020-09-17,3782.7600,4615.0500,2047.3000,2243.3000,1621.8200,2191.3000
2020-09-18,3805.1500,4629.6100,2213.8000,2243.3000,1621.8200,2225.6900
2020-09-21,3834.9300,4673.8100,2213.8000,2258.3300,1621.8200,2237.7100
2020-09-22,3930.1200,4739.4000,2213.8000,2269.7600,1621.8200,2264.2300
2020-09-23,3884.6400,4739.4000,2199.1500,2274.6500,1621.8200,2246.0600
2020-09-24,3884.6400,4739.4000,2199.1500,2274.6500,1621.8200,2246.0600
2020-09-25,3884.6400,4685.5500,2199.1500,2274.6500,1621.8200,2240.2100
2020-09-28,3890.9500,4685.5500,2166.9700,2274.6500,1627.1400,2236.1000
2020-09-29,3890.9500,4685.5500,2166.9700,2293.2700,1627.1400,2237.7800
2020-09-30,3890.9500,4685.5500,2166.9700,2293.2700,1656.8700,2241.3900
2020-10-01,3880.1900,4685.5500,2294.1600,2266.4400,1926.1600,2267.4200
2020-10-02,3880.1900,4684.8200,2294.1600,2298.3000,1845.9000,2269.3600
2020-10-05,3880.1900,4684.6800,2159.8500,2298.3000,1849.6700,2247.0000
2020-10-06,3872.3900,4684.6800,2159.8500,2298.3000,1852.0400,2246.2800
2020-10-07,3872.3900,4684.6800,2159.8500,2298.3000,1852.0400,2246.2500
2020-10-08,3840.6700,4677.9800,2159.8500,2304.0200,1852.0400,2236.1300
2020-10-09,3847.3300,4685.5400,2159.8500,2304.0200,1852.0400,2234.6700
2020-10-12,3847.3300,4685.5400,2159.8500,2304.0200,1852.0400,2233.2100
2020-10-13,3847.3300,4680.1900,2159.8500,2304.0200,1852.0400,2232.5900
2020-10-14,3847.3300,4680.1900,2159.8500,2304.0200,1852.0400,2232.5900
2020-10-15,3847.3300,4680.1900,2126.9400,2356.6000,1852.0400,2231.6500
2020-10-16,3847.3300,4680.1900,2123.9900,2356.5300,1852.0400,2231.1300
2020-10-19,3847.3300,4680.1900,2117.3300,2356.5300,1852.0400,2229.9900
2020-10-20,3847.3300,4680.1900,2124.7300,2356.5300,1852.0400,2231.2600
2020-10-21,3847.3300,4680.1900,2124.7300,2356.5300,1852.0400,2231.3200
2020-10-22,3838.0500,4663.9000,2117.3300,2356.5300,1852.0400,2228.1500
2020-10-23,3838.0500,4663.9000,2118.8300,2350.1200,1852.0400,2227.8800
2020-10-26,3843.6200,4663.9000,2118.8300,2350.1200,1852.0400,2229.3000
2020-10-27,3843.6200,4663.9000,2118.8300,2350.1200,1852.0400,2229.3000
2020-10-28,3843.6200,4663.9000,2118.8300,2350.1200,1852.0400,2229.3000
2020-10-29,3840.8300,4658.5600,2118.8300,2350.1200,1852.0400,2233.4000
2020-10-30,3840.8300,4658.5600,2118.8300,2350.1200,1852.0400,2233.4000
2020-11-02,3851.9400,4675.6000,2205.8300,2400.1200,1863.7600,2262.1000
2020-11-03,3851.9400,4675.6000,2209.5300,2400.1200,1863.7600,2263.5600
2020-11-04,3851.9400,4675.6000,2234.6700,2400.1200,1862.5000,2267.0700
2020-11-05,3851.9400,4675.6000,2209.5300,2400.1200,1862.5000,2262.5300
2020-11-06,3851.9400,4675.6000,2209.5300,2400.1200,1893.4500,2264.5700
2020-11-09,3846.3300,4735.1400,2232.4400,2429.6700,1880.2500,2279.1600
2020-11-10,3846.3300,4735.1400,2254.2500,2429.6700,1880.2500,2285.2300
2020-11-11,3846.4800,4735.1400,2254.2500,2429.6700,1875.0400,2284.9800
2020-11-12,3846.4800,4735.1400,2292.2400,2429.6700,1875.0400,2301.7000
2020-11-13,3846.4800,4735.1400,2293.9000,2434.1800,1875.0400,2303.6700
2020-11-16,3865.1600,4738.5300,2401.9100,2651.6200,1875.0400,2345.5700
2020-11-17,3878.6100,4750.3800,2443.3200,2713.9100,1875.0400,2358.9600
2020-11-18,3878.6100,4750.3800,2564.0900,2750.8400,1875.0400,2382.6600
2020-11-19,3878.6100,4742.1800,2564.0900,2760.7500,1875.0400,2384.3200
2020-11-20,3869.5900,4908.2700,2548.5600,2809.6800,1875.0400,2403.0200
2020-11-23,3869.5900,4908.2700,2682.5400,2913.3500,1875.0400,2435.8600
2020-11-24,3869.5900,4908.2700,2682.5400,2913.3500,1875.0400,2435.8600
2020-11-25,3869.5900,4908.2700,2719.5000,2913.3500,1875.0400,2442.0200
2020-11-26,3869.5900,4908.2700,2722.2800,2911.3700,1875.0400,2434.6100
2020-11-27,3869.5900,4908.2700,2722.2800,3122.3300,1875.0400,2465.8300
2020-11-30,3869.5900,4908.2700,2771.6400,3133.6100,1875.0400,2482.1400
2020-12-01,3874.5400,4913.7600,3469.9300,3453.4900,1875.0400,2655.2400
2020-12-02,3874.5400,4913.7600,3525.3700,3572.0500,1875.0400,2680.2100
2020-12-03,3874.5400,4913.7600,3748.0400,3572.0500,1875.0400,2723.6800
2020-12-04,3874.5400,4913.7600,3698.6900,3618.7800,1879.9000,2719.2400
2020-12-07,3874.5400,4913.7600,3748.0400,3766.6800,1905.5700,2744.0700
2020-12-08,3877.5100,4928.1600,3796.8300,4000.9200,1901.9500,2789.9800
2020-12-09,3877.5100,4928.1600,3796.8300,4000.9200,1901.9500,2792.0200
2020-12-10,3879.3800,4928.1600,3796.8300,4000.9200,1876.3900,2793.1300
2020-12-11,3879.3800,4928.1600,3796.8300,4000.9200,1876.3900,2790.7500
2020-12-14,3879.3800,4960.4200,3858.9300,3939.0100,1930.8400,2799.9400
2020-12-15,3879.3800,4960.4200,4417.8100,5246.5600,1964.8000,3016.1800
2020-12-16,3879.0100,4937.6100,4590.7900,5275.9300,1949.6100,3045.3900
2020-12-17,3876.4100,4937.6100,4590.7900,5455.2400,1949.6100,3061.0300
2020-12-18,3879.3800,4939.2400,4712.3100,5593.7100,1949.6100,3097.2700
2020-12-21,3878.6400,4939.2400,4712.3100,5593.7100,1949.6100,3097.4700
2020-12-22,3879.3800,4960.4200,4755.1900,5593.7100,1949.6100,3107.1200
2020-12-23,3874.2400,4946.4400,4819.5100,5612.3300,1949.6100,3117.9400
2020-12-24,3874.2400,4956.2200,4882.1200,5613.9500,1924.0400,3128.5100
2020-12-25,3874.2400,4956.2200,5633.7100,5640.5000,1924.0400,3262.0900
2020-12-28,4188.7900,5396.6200,5633.7100,5643.6700,1924.0400,3371.5600
2020-12-29,4188.7900,5396.6200,5662.4700,5643.6700,1869.0600,3373.5000
2020-12-30,4199.5500,5405.0900,5662.4700,5643.6700,1869.0600,3376.5700
2020-12-31,4199.5500,5405.0900,5662.4700,5643.6700,1869.0600,3376.5700
2021-01-01,4332.9900,5367.1600,6992.2600,7100.8600,1873.8800,3763.1300
2021-01-04,3943.9800,5142.7200,6992.2600,7115.8900,1839.9200,3657.7100
2021-01-05,3943.9800,5142.7200,6992.2600,7115.8900,1841.5700,3658.3900
2021-01-06,3943.9800,5142.7200,7340.4500,7206.7800,1841.7000,3750.2900
2021-01-07,4336.4800,5754.2200,7412.1600,7206.7800,1828.8800,3908.1900
2021-01-08,5414.1500,6618.3000,7731.3400,7383.2700,1833.7800,4297.1700
2021-01-11,5415.3900,6753.1800,7701.7700,7383.2700,1833.7800,4320.4600
2021-01-12,5415.3900,6834.3500,7652.4200,7383.2700,1833.7800,4325.2800
2021-01-13,5415.3900,6834.3500,7652.4200,7371.4200,1833.7800,4323.9300
2021-01-14,5415.3900,6834.3500,7652.4200,7416.8500,1833.7800,4327.9400
2021-01-15,4363.4200,5858.2600,7844.4700,7926.1900,1834.5000,4089.2900
2021-01-18,4356.7000,5858.2600,7864.6300,8078.5200,1834.5000,4115.0600
2021-01-19,4356.7000,5858.2600,7864.6300,7628.2300,1834.5000,4075.1600
2021-01-20,4360.8700,5858.2600,7832.0300,7665.4500,1823.3500,4073.3800
2021-01-21,5393.1600,6732.8900,7577.7300,8060.2600,1833.6800,4366.6800
2021-01-22,5580.8900,6178.1800,7824.5000,8065.5800,1833.6800,4390.7300
2021-01-25,5580.8900,6178.1800,7824.5000,8065.5800,1833.6800,4393.5200
2021-01-26,5580.8900,6178.1800,7824.5000,8092.8900,1833.6800,4396.9700
2021-01-27,5580.8900,6178.1800,7824.5000,8092.8900,1833.6800,4398.5500
2021-01-28,5580.8900,6178.1800,7830.4200,8092.8900,1833.6800,4400.3100
2021-01-29,5580.8900,6178.1800,7830.4200,8092.8900,1820.2300,4399.5700
2021-02-01,5580.8900,6178.1800,7923.8000,7745.2100,1904.1200,4407.1700
2021-02-02,5958.3500,6998.0200,7923.8000,7790.2300,1904.1200,4573.6200
2021-02-03,5666.5900,6743.9600,7942.3600,7762.3100,1920.9700,4490.5500
2021-02-04,5228.1100,6291.9600,7942.3600,7762.3100,1971.5100,4355.0700
2021-02-05,5228.1100,6364.8800,7960.8400,7762.3100,1972.2200,4365.9300
2021-02-08,4872.7700,5872.0800,7960.8400,7647.3700,2023.8500,4224.2700
2021-02-09,5395.3300,6388.8000,7960.8400,7647.3700,2040.9700,4385.3400
2021-02-10,5395.3300,6388.8000,7960.8400,7647.3700,2040.9700,4384.4600
2021-02-11,5395.3300,6388.8000,8455.2900,7647.3700,2040.9700,4465.8000
2021-02-12,5395.3300,6388.8000,8455.2900,7675.3900,2040.9700,4468.3300
2021-02-15,5296.4600,6394.8900,8455.2900,7592.3800,2040.9700,4437.9400
2021-02-16,5706.1200,6818.2500,8455.2900,7968.7700,2023.8500,4598.9700
2021-02-17,5706.1200,6787.0800,8455.2900,7968.7700,2023.8500,4595.7200
2021-02-18,5909.1200,6797.9000,8455.2900,7968.7700,2023.8500,4638.0500
2021-02-19,5909.1200,6797.9000,8327.4700,7968.7700,2023.8500,4618.8300
2021-02-22,5567.8300,6750.6900,8308.9100,7967.2600,2023.8500,4537.8000
2021-02-23,5562.4100,6750.6900,8308.9100,7967.2600,2023.8500,4530.9000
2021-02-24,5562.4100,6750.6900,8308.9100,7967.2600,2028.2500,4529.0100
2021-02-25,5562.4100,6750.6900,8305.9600,7967.2600,2028.2500,4528.5000
2021-02-26,5562.4100,6750.6900,8305.9600,7940.2000,2028.2500,4522.0100
2021-03-01,4983.2200,6185.2500,8383.1400,7903.8200,2100.6300,4319.7900
2021-03-02,4983.2200,6185.2500,7921.4700,7931.4400,2100.6300,4292.4900
2021-03-03,5319.0600,6190.7200,7921.4700,7931.4400,2100.6300,4357.2500
2021-03-04,5031.3700,6173.8100,7921.4700,7931.4400,2100.6300,4297.2800
2021-03-05,5610.5600,6739.2500,7874.1600,7931.4400,2132.0700,4467.5000
2021-03-08,5549.6500,6313.0400,7948.3100,8066.5000,2197.6500,4449.9200
2021-03-09,5549.6500,6313.0400,7948.3100,8065.9400,2197.6500,4439.1500
2021-03-10,5549.6500,6313.0400,7948.3100,8065.9400,2197.6500,4430.9500
2021-03-11,5876.3800,6649.0500,7941.6600,8065.9400,2184.4500,4542.4800
2021-03-12,5876.3800,6649.0500,7941.6600,8065.9400,2184.4500,4542.4800
2021-03-15,5110.8600,5835.7600,7687.0100,8022.8500,2184.4500,4251.4100
2021-03-16,5246.5900,6046.9300,7687.0100,8013.0600,2184.4500,4301.2500
2021-03-17,5253.5400,6386.2300,7676.6600,7990.3600,2179.4200,4320.6400
2021-03-18,5253.5400,6386.2300,7684.0500,7990.3600,2179.4200,4322.6500
2021-03-19,5253.5400,6386.2300,7589.8200,7990.3600,2179.4200,4306.3800
2021-03-22,5253.5400,6386.2300,7463.7700,7502.6500,2179.4200,4240.6500
2021-03-23,5253.5400,6386.2300,7512.9400,7502.6500,2167.1100,4255.1700
2021-03-24,5893.2900,7015.6800,7512.9400,7502.6500,2169.1700,4450.9800
2021-03-25,5893.2900,7015.6800,7512.9400,7502.6500,2169.1700,4451.2900
2021-03-26,5893.2900,7015.6800,7423.4400,7502.6500,2186.9200,4436.8700
2021-03-29,5893.2900,7015.6800,7423.4400,7496.9100,2186.9200,4435.7300
2021-03-30,5893.2900,7015.6800,7423.4400,7496.9100,2186.9200,4434.9300
2021-03-31,5893.2900,7015.6800,7423.4400,7496.9100,2186.9200,4436.6200
2021-04-01,5905.6100,7043.7100,7298.5600,7289.8000,2878.5100,4442.5100
2021-04-02,5905.6100,7043.7100,7298.5600,7289.8000,2851.3400,4460.3900
2021-04-05,5905.6100,7043.7100,7298.5600,7289.8000,2851.3400,4460.2200
2021-04-06,5905.6100,7043.7100,7280.0000,7313.8600,2851.3400,4459.3300
2021-04-07,5905.6100,7043.7100,7301.4900,7435.9400,2851.3400,4477.8500
2021-04-08,5874.5500,7129.2700,7294.2800,7354.5000,3254.0000,4520.7200
2021-04-09,5874.5500,7498.6400,7294.2800,7354.5000,3254.0000,4559.3700
2021-04-12,5874.5500,7498.6400,7296.7700,7376.7800,3254.0000,4557.7700
2021-04-13,5874.5500,7498.6400,7296.7700,7376.7800,3254.0000,4556.5000
2021-04-14,5874.5500,7498.6400,7296.7700,7400.8400,3357.1300,4567.5000
2021-04-15,5939.4100,7460.4400,7372.3000,7707.8300,3357.1300,4617.3900
2021-04-16,5939.4100,7477.2500,7506.1100,7722.8600,3304.6700,4656.8300
2021-04-19,5939.4100,7477.2500,7801.6800,7889.4200,3304.6700,4722.8700
2021-04-20,5939.4100,7477.2500,7806.8600,7889.4200,3428.0100,4732.3600
2021-04-21,5939.4100,7107.8900,7761.6400,7889.4200,3428.0100,4685.5200
2021-04-22,5939.4100,7107.8900,7795.2800,7861.7900,3428.0100,4679.8800
2021-04-23,5939.4100,7107.8900,7729.6800,8053.0700,3428.0100,4686.9200
2021-04-26,5939.4100,7107.8900,7729.6800,8053.0700,3428.0100,4690.3700
2021-04-27,5939.4100,7079.0700,7729.6800,8053.0700,3428.0100,4688.2900
2021-04-28,5939.4100,7079.0700,7729.6800,8053.0700,3428.0100,4685.9200
2021-04-29,5939.4100,7079.0700,7748.1600,8053.0700,3428.0100,4682.4000
2021-04-30,5939.4100,7079.0700,7765.1700,8053.0700,3429.6500,4685.4200
2021-05-03,6186.3500,7423.9900,8044.0800,8493.9300,3532.2900,4892.8300
2021-05-04,6186.3500,7423.9900,8044.0800,8493.9300,3532.2900,4897.9400
2021-05-05,6186.3500,7423.9900,8169.3900,9303.0000,3500.5000,4988.9600
2021-05-06,6186.3500,7423.9900,8248.4900,9182.7200,3665.4600,5000.8400
2021-05-07,6186.3500,7423.9900,8248.4900,9182.7200,3746.9700,5005.9400
2021-05-10,6536.5000,7845.1900,8247.3300,9402.1500,4298.8900,5175.9800
2021-05-11,7301.1000,8711.1800,8247.3300,9402.1500,4298.8900,5419.1000
2021-05-12,7301.1000,8711.1800,8330.8400,9387.4200,4298.8900,5432.0100
2021-05-13,7301.1000,8711.1800,8344.7800,9387.4200,4298.8900,5433.2500
2021-05-14,7301.1000,8711.1800,8344.7800,9387.4200,4298.8900,5433.2500
2021-05-17,7582.2900,9219.8500,8564.7800,9165.5600,4257.1900,5557.3400
2021-05-18,7582.2900,9219.8500,8805.0800,9178.7900,4275.2700,5613.1700
2021-05-19,7087.3000,8747.5100,8945.3500,9178.7900,4274.2500,5487.4400
2021-05-20,7087.3000,8747.5100,9041.5300,9623.0000,4274.2500,5528.0800
2021-05-21,7087.3000,8747.5100,9041.5300,9623.0000,4274.2500,5537.2600
2021-05-24,7947.2300,9346.9400,9177.5300,9927.7200,4341.2000,5830.9200
2021-05-25,7947.2300,9346.9400,9183.4500,9927.7200,4341.2000,5831.9500
2021-05-26,7947.2300,9346.9400,9220.4100,10214.1600,4046.1300,5847.1000
2021-05-27,7947.2300,9346.9400,9871.2000,10214.1600,4046.1300,5959.4300
2021-05-28,7947.2300,10189.5300,9935.0900,10214.1600,4046.1300,6070.7000
2021-05-31,7947.2300,10189.5300,9935.0900,10214.1600,4046.1300,6071.1300
2021-06-01,8079.0700,10383.2300,10537.1500,10118.1100,4366.3200,6242.4200
2021-06-02,8079.0700,10383.2300,10627.2200,10118.1100,4366.3200,6273.7200
2021-06-03,8101.5300,10504.9900,10680.6500,10365.8200,4366.3200,6323.4000
2021-06-04,8101.5300,10504.9900,10680.6500,10387.7600,4535.7300,6345.5500
2021-06-07,8101.5300,10504.9900,10882.2300,10387.7600,4979.3600,6442.7400
2021-06-08,8563.0300,10335.3400,11036.6700,10443.3100,5051.2200,6555.3500
2021-06-09,8563.0300,10335.3400,11036.6700,10443.3100,5051.2200,6555.3500
2021-06-10,8748.2800,10436.8000,11036.6700,11116.8200,5192.9900,6664.4700
2021-06-11,8748.2800,10436.8000,11036.6700,11090.9800,5192.9900,6663.3200
2021-06-14,8748.2800,10436.8000,11037.1500,11076.8400,5192.9900,6687.0400
2021-06-15,9467.8200,11248.5700,11352.3300,11011.0200,5192.9900,6957.5200
2021-06-16,9467.8200,11248.5700,10989.2000,11142.7300,5192.9900,6904.3500
2021-06-17,8833.8600,11248.5700,10981.0100,11089.8000,5192.9900,6752.5100
2021-06-18,8833.8600,11248.5700,10981.0100,11089.8000,5192.9900,6753.9000
2021-06-21,8861.1800,11350.0300,10989.2000,11089.8000,5192.9900,6772.1400
2021-06-22,8849.1400,10868.7700,10971.8100,11089.8000,5192.9900,6711.0900
2021-06-23,8849.1400,10868.7700,11030.8500,11089.8000,5192.9900,6721.2800
2021-06-24,8849.1400,11571.5400,11030.8500,11089.8000,5232.3100,6781.3500
2021-06-25,8849.1400,11571.5400,10869.9200,11130.5100,5668.3800,6781.2200
2021-06-28,8849.1400,11571.5400,10920.7700,11130.5100,5668.3800,6790.0000
2021-06-29,8849.1400,11571.5400,10961.0000,11130.5100,5668.3800,6796.0400
2021-06-30,8849.1400,11571.5400,11198.8400,11264.4000,5668.3800,6851.3300
2021-07-01,9179.3300,12765.7700,11857.9900,11633.2500,5868.3900,7207.0900
2021-07-02,9179.3300,12765.7700,11857.9900,11633.2500,5868.3900,7207.2800
2021-07-05,9179.3300,12765.7700,11913.4400,11633.2500,5989.4000,7225.0000
2021-07-06,10290.8100,13983.3500,11913.4400,11633.2500,5989.4000,7578.1300
2021-07-07,10290.8100,13983.3500,11913.4400,11681.7000,5989.4000,7582.7100
2021-07-08,10223.7400,14547.9900,13072.8800,11786.7800,5838.3600,7828.9000
2021-07-09,10717.6200,14547.9900,13072.8800,11776.4200,5838.3600,7929.7300
2021-07-12,10717.6200,14547.9900,13281.3100,11915.0100,5838.3600,7987.2800
2021-07-13,10717.6200,14547.9900,13281.3100,11930.1200,5838.3600,8003.3800
2021-07-14,10717.6200,14547.9900,13281.3100,11930.1200,5992.9400,8011.8900
2021-07-15,10767.0100,14664.1700,13040.4500,12085.9200,6023.7300,8007.7400
2021-07-16,10767.0100,14664.1700,13055.2400,11760.8300,6023.7300,7980.9800
2021-07-19,12351.4300,15335.4000,13209.0100,11768.1100,6013.4700,8400.2800
2021-07-20,12351.4300,15335.4000,13209.0100,11768.1100,6013.4700,8400.2800
2021-07-21,12351.4300,15335.4000,13209.0100,11768.1100,6013.4700,8400.2800
2021-07-22,16612.3300,19596.0800,13202.3500,11763.5100,6013.4700,9713.0000
2021-07-23,18345.5000,19620.4100,13209.0100,11821.4300,6013.4700,10080.6600
2021-07-26,18345.5000,19620.4100,13705.9400,11931.3000,6013.4700,10176.3500
2021-07-27,18345.5000,19620.4100,13705.9400,11931.3000,6013.4700,10177.8600
2021-07-28,18345.5000,19620.4100,13705.9400,11931.3000,6013.4700,10174.4100
2021-07-29,18345.5000,19620.4100,13705.9400,11931.3000,6015.1700,10174.5000
2021-07-30,18345.5000,19620.4100,13705.9400,11931.3000,6015.1700,10174.5000
2021-08-02,19237.1800,20803.9900,13688.5700,12344.1200,5971.3800,10517.4400
2021-08-03,19237.1800,20803.9900,13836.4200,12344.1200,5971.3800,10535.9200
2021-08-04,19237.1800,20803.9900,13836.4200,12344.1200,5971.3800,10537.2200
2021-08-05,19237.1800,20803.9900,13836.4200,12344.1200,6031.0100,10540.1900
2021-08-06,15826.8500,19962.8600,13896.3000,12344.1200,6031.0100,9769.7300
2021-08-09,15809.1200,17583.7000,14162.9600,12345.4400,6464.4100,9568.4500
2021-08-10,15809.1200,17583.7000,14141.4100,12345.4400,6801.1300,9588.1100
2021-08-11,15809.1200,17583.7000,14141.4100,12345.4400,6658.0000,9580.2300
2021-08-12,15809.1200,17583.7000,14141.4100,12286.5400,6658.0000,9574.2200
2021-08-13,15809.1200,17583.7000,14141.4100,12286.5400,5929.0800,9531.1100
2021-08-16,16131.4800,17785.0200,14037.6700,12300.7900,5929.0800,9602.6700
2021-08-17,16131.4800,17785.0200,14037.6700,12300.7900,5929.0800,9600.7000
2021-08-18,18424.6100,19943.4100,14037.6700,12300.7900,5929.0800,10281.7100
2021-08-19,18424.6100,19943.4100,14085.6200,12300.7900,5929.0800,10288.9500
2021-08-20,18424.6100,20032.5600,14085.6200,12840.3400,5929.0800,10346.9300
2021-08-23,18424.6100,20056.6800,14016.0100,12905.6900,5929.0800,10343.3300
2021-08-24,18424.6100,20056.6800,13858.2900,12905.6900,5929.0800,10316.1100
2021-08-25,18424.6100,20056.6800,13858.2900,12905.6900,5929.0800,10316.1100
2021-08-26,18424.6100,20056.6800,13858.2900,12905.6900,5929.0800,10321.2900
2021-08-27,18424.6100,20056.6800,13854.8500,12888.2500,5929.0800,10320.5700
2021-08-30,18424.6100,20056.6800,13854.8500,12888.2500,5929.0800,10320.5700
2021-08-31,18424.6100,20056.6800,13854.8500,12888.2500,5929.0800,10320.6600
2021-09-01,19079.9900,20637.6000,13878.1500,13096.7900,5847.4700,10534.2000
2021-09-02,19079.9900,20637.6000,13878.1500,13096.7900,5847.4700,10532.3100
2021-09-03,20188.3200,21686.3900,13878.1500,13096.7900,6414.7200,10887.5100
2021-09-06,20586.1100,22172.8700,14028.7100,13145.8600,6414.7200,11048.8900
2021-09-07,20586.1100,22172.8700,14184.4700,13160.9000,6549.4700,11095.8100
2021-09-08,20586.1100,22172.8700,14299.1000,13268.3800,6983.8800,11133.5000
2021-09-09,20586.1100,22172.8700,14299.1000,13308.9500,6983.8800,11137.1400
2021-09-10,20586.1100,22172.8700,14292.2100,13270.4900,6868.7100,11127.4500
2021-09-13,20586.1100,22172.8700,14299.1000,13308.6500,6868.7100,11134.4400
2021-09-14,20586.1100,22172.8700,14299.1000,13212.6600,6860.2000,11128.7400
2021-09-15,20586.1100,22289.0500,14431.1900,12829.8600,6860.2000,11129.0800
2021-09-16,19477.7800,21240.2700,14431.1900,12818.1100,6868.7100,10793.8000
2021-09-17,19477.7800,21240.2700,14431.1900,12816.1900,6868.7100,10793.6300
2021-09-20,19477.7800,21240.2700,14431.1900,12857.0900,6868.7100,10795.9100
2021-09-21,18850.4700,21127.0000,14431.1900,12975.6600,6868.7100,10662.5600
2021-09-22,19182.2800,22185.7600,14755.7000,13046.4400,6868.7100,10902.9200
2021-09-23,19182.2800,22234.2700,14755.7000,13138.3900,6868.7100,10919.5900
2021-09-24,19182.2800,22234.2700,14755.7000,13138.4400,6868.7100,10916.4400
2021-09-27,19182.2800,22234.2700,14755.7000,13138.4400,6986.0400,10922.8900
2021-09-28,19182.2800,22234.2700,14755.7000,13139.4700,6986.0400,10922.9900
2021-09-29,19182.2800,22234.2700,14755.7000,13139.4700,6986.0400,10923.3600
2021-09-30,16152.6600,18711.1100,14755.7000,13138.2600,6986.0400,9939.7300
2021-10-01,16152.6600,18711.1100,14491.7700,13049.7800,6986.0400,9877.3300
2021-10-04,16749.3400,19428.6700,14491.7700,13067.2200,6986.0400,10072.5600
2021-10-05,16749.3400,19428.6700,14491.7700,13067.2200,7126.3600,10097.2200
2021-10-06,16749.3400,19428.6700,14491.7700,13067.2200,7125.8400,10096.8800
2021-10-07,16749.3400,19428.6700,14493.4900,13067.2200,7125.8400,10097.0100
2021-10-08,13024.8100,19391.9600,14496.9400,13362.3800,7219.3800,9381.7200
2021-10-11,17376.6600,20694.8200,14491.7700,13362.2900,7219.3800,10400.4000
2021-10-12,17376.6600,20694.8200,14491.7700,13360.7700,7219.3800,10400.2600
2021-10-13,17376.6600,20694.8200,14491.7700,13360.7700,7219.3800,10400.8000
2021-10-14,17376.6600,20694.8200,14491.7700,13360.7700,7219.3800,10400.6200
2021-10-15,17376.6600,20694.8200,14375.8100,13360.7700,7177.8100,10378.3200
2021-10-18,17376.6600,20694.8200,14258.9900,13360.7700,7177.8100,10357.2000
2021-10-19,17376.6600,20694.8200,14258.9900,13360.7700,7177.8100,10358.8000
2021-10-20,17376.6600,21162.8400,14258.9900,13361.9900,7177.8100,10407.0300
2021-10-21,16145.0000,19451.0000,14259.0000,13362.0000,7178.0000,9977.0000
2021-10-22,16145.0000,19451.0000,14241.0000,13362.0000,7178.0000,9974.0000
2021-10-25,16145.0000,19451.0000,14241.0000,13364.0000,7178.0000,9979.0000
2021-10-26,16145.0000,19451.0000,14259.0000,13364.0000,7238.0000,9985.0000
2021-10-27,16145.0000,19451.0000,14259.0000,13298.0000,7238.0000,9980.0000
2021-10-28,19478.0000,21111.0000,14259.0000,13298.0000,7238.0000,10830.0000
2021-10-29,19478.0000,21111.0000,14259.0000,13279.0000,7238.0000,10833.0000
2021-11-01,18730.0000,19895.0000,14219.0000,13094.0000,7305.0000,10521.0000
2021-11-02,18730.0000,19895.0000,14219.0000,13094.0000,7305.0000,10519.0000
2021-11-03,18730.0000,19895.0000,14219.0000,13096.0000,7305.0000,10519.0000
2021-11-04,18730.0000,19895.0000,14219.0000,13214.0000,7305.0000,10530.0000
2021-11-05,18730.0000,19895.0000,14219.0000,13214.0000,7305.0000,10538.0000
2021-11-08,18730.0000,19895.0000,14219.0000,13160.0000,7413.0000,10525.0000
2021-11-09,13924.0000,15865.0000,14219.0000,13171.0000,7739.0000,9160.0000
2021-11-10,13924.0000,15865.0000,14219.0000,13171.0000,7678.0000,9125.0000
2021-11-11,13924.0000,15865.0000,14219.0000,13171.0000,7697.0000,9137.0000
2021-11-12,13924.0000,15865.0000,14219.0000,13171.0000,7447.0000,9107.0000
2021-11-15,13924.0000,15865.0000,14267.0000,13014.0000,7447.0000,9115.0000
2021-11-16,13924.0000,15865.0000,14267.0000,13014.0000,7438.0000,9115.0000
2021-11-17,13924.0000,15865.0000,14381.0000,13014.0000,7438.0000,9134.0000
