date,Freightos-波羅的海貨櫃運價指數[FBX],Freightos-波羅的海貨櫃運價指數[FBX] (週平均)
2016-10-04,1412.6900,
2016-10-05,1381.8900,
2016-10-06,1397.9400,
2016-10-07,1394.2800,1396.7000
2016-10-10,1327.1300,
2016-10-11,1362.6000,
2016-10-12,1362.6000,
2016-10-13,1361.5400,
2016-10-14,1363.1900,1355.4100
2016-10-17,1429.2100,
2016-10-18,1421.2400,
2016-10-19,1420.7200,
2016-10-20,1449.2200,
2016-10-21,1448.1400,1433.7100
2016-10-24,1492.5600,
2016-10-25,1503.8300,
2016-10-26,1502.6900,
2016-10-27,1501.8100,
2016-10-28,1501.8100,1500.5400
2016-10-31,1510.9600,
2016-11-01,1538.4500,
2016-11-02,1611.6500,
2016-11-03,1652.5900,
2016-11-04,1656.4600,1594.0200
2016-11-07,1717.0400,
2016-11-08,1709.7000,
2016-11-09,1707.9500,
2016-11-10,1696.7900,
2016-11-11,1715.4100,1709.3800
2016-11-14,1655.7400,
2016-11-15,1671.8400,
2016-11-16,1633.7500,
2016-11-17,1612.3900,
2016-11-18,1603.5700,1635.4600
2016-11-21,1614.6300,
2016-11-22,1624.6500,
2016-11-23,1581.8300,
2016-11-24,1586.8800,
2016-11-25,1568.1600,1595.2300
2016-11-28,1555.3300,
2016-11-29,1539.3000,
2016-11-30,1545.2800,
2016-12-01,1451.7000,
2016-12-02,1275.4200,1473.4100
2016-12-05,1351.9600,
2016-12-06,1341.5100,
2016-12-07,1342.8300,
2016-12-08,1370.1100,
2016-12-09,1365.4300,1354.3700
2016-12-12,1411.5900,
2016-12-13,1414.4700,
2016-12-14,1418.3000,
2016-12-15,1363.4400,
2016-12-16,1418.9700,1405.3500
2016-12-19,1443.1900,
2016-12-20,1391.3100,
2016-12-21,1384.4700,
2016-12-22,1458.6300,
2016-12-23,1474.9800,1430.5200
2016-12-26,1536.6100,
2016-12-27,1526.0100,
2016-12-28,1516.3400,
2016-12-29,1515.7300,
2016-12-30,1523.2800,1523.5900
2017-01-02,1557.9300,
2017-01-03,1695.5900,
2017-01-04,1707.9000,
2017-01-05,1747.3600,
2017-01-06,1720.8600,1685.9300
2017-01-09,1638.5700,
2017-01-10,1741.5700,
2017-01-11,1710.4000,
2017-01-12,1616.4400,
2017-01-13,1632.3100,1667.8600
2017-01-16,1717.0200,
2017-01-17,1741.7000,
2017-01-18,1728.1100,
2017-01-19,1760.9500,
2017-01-20,1755.4300,1740.6400
2017-01-23,1728.7300,
2017-01-24,1734.9100,
2017-01-25,1725.6300,
2017-01-26,1718.4600,
2017-01-27,1720.8800,1725.7200
2017-01-30,1728.1200,
2017-01-31,1726.3900,
2017-02-01,1682.1900,
2017-02-02,1748.7800,
2017-02-03,1756.0700,1728.3100
2017-02-06,1763.9700,
2017-02-07,1760.4300,
2017-02-08,1731.9700,
2017-02-09,1649.3100,
2017-02-10,1642.5200,1709.6400
2017-02-13,1636.3900,
2017-02-14,1616.3400,
2017-02-15,1592.3500,
2017-02-16,1579.8500,
2017-02-17,1580.0000,1600.9900
2017-02-20,1579.5900,
2017-02-21,1543.9400,
2017-02-22,1535.2300,
2017-02-23,1516.5500,
2017-02-24,1514.0600,1537.8700
2017-02-27,1513.5500,
2017-02-28,1516.5200,
2017-03-01,1498.6200,
2017-03-02,1478.5500,
2017-03-03,1463.5900,1494.1700
2017-03-06,1500.9600,
2017-03-07,1471.3000,
2017-03-08,1464.5800,
2017-03-09,1408.9600,
2017-03-10,1383.6300,1445.8900
2017-03-13,1473.4400,
2017-03-14,1463.6000,
2017-03-15,1457.5900,
2017-03-16,1442.1000,
2017-03-17,1428.8400,1453.1100
2017-03-20,1384.3300,
2017-03-21,1367.9200,
2017-03-22,1334.8200,
2017-03-23,1326.9400,
2017-03-24,1328.9800,1348.6000
2017-03-27,1333.0500,
2017-03-28,1331.5200,
2017-03-29,1323.3400,
2017-03-30,1320.4300,
2017-03-31,1330.0400,1327.6800
2017-04-03,1444.0100,
2017-04-04,1432.4700,
2017-04-05,1403.7500,
2017-04-06,1404.5700,
2017-04-07,1397.1700,1416.3900
2017-04-10,1362.8100,
2017-04-11,1352.6000,
2017-04-12,1345.7900,
2017-04-13,1336.4700,
2017-04-14,1337.0300,1346.9400
2017-04-17,1298.9000,
2017-04-18,1309.7200,
2017-04-19,1308.7600,
2017-04-20,1314.8200,
2017-04-21,1313.6200,1309.1600
2017-04-24,1315.8600,
2017-04-25,1318.3100,
2017-04-26,1312.3200,
2017-04-27,1315.4400,
2017-04-28,1311.0100,1314.5900
2017-05-01,1312.5500,
2017-05-02,1350.4000,
2017-05-03,1355.8300,
2017-05-04,1356.2300,
2017-05-05,1347.5700,1344.5200
2017-05-08,1328.4700,
2017-05-09,1308.3100,
2017-05-10,1306.3300,
2017-05-11,1315.6200,
2017-05-12,1372.7900,1326.3000
2017-05-15,1347.8900,
2017-05-16,1318.9400,
2017-05-17,1380.3600,
2017-05-18,1385.3200,
2017-05-19,1378.3000,1362.1600
2017-05-22,1373.2800,
2017-05-23,1361.9600,
2017-05-24,1354.1200,
2017-05-25,1357.8400,
2017-05-26,1361.2900,1361.7000
2017-05-29,1365.6600,
2017-05-30,1363.6400,
2017-05-31,1365.6800,
2017-06-01,1335.4100,
2017-06-02,1378.0800,1361.6900
2017-06-05,1419.0800,
2017-06-06,1411.8900,
2017-06-07,1427.8000,
2017-06-08,1445.0200,
2017-06-09,1414.4700,1423.6500
2017-06-12,1427.6700,
2017-06-13,1403.3700,
2017-06-14,1398.6300,
2017-06-15,1394.2300,
2017-06-16,1396.2500,1404.0300
2017-06-19,1390.0800,
2017-06-20,1401.3700,
2017-06-21,1435.8700,
2017-06-22,1468.3200,
2017-06-23,1463.8300,1431.8900
2017-06-26,1427.7300,
2017-06-27,1411.7900,
2017-06-28,1409.6900,
2017-06-29,1407.5100,
2017-06-30,1404.8700,1412.3200
2017-07-03,1386.4000,
2017-07-04,1389.9600,
2017-07-05,1381.2900,
2017-07-06,1371.7500,
2017-07-07,1365.8900,1379.0600
2017-07-10,1283.8500,
2017-07-11,1347.1200,
2017-07-12,1443.0200,
2017-07-13,1423.9900,
2017-07-14,1411.0800,1381.8100
2017-07-17,1395.4800,
2017-07-18,1391.1100,
2017-07-19,1395.0100,
2017-07-20,1388.3300,
2017-07-21,1409.0000,1395.7900
2017-07-24,1442.8100,
2017-07-25,1455.4900,
2017-07-26,1390.0900,
2017-07-27,1373.4600,
2017-07-28,1343.8000,1401.1300
2017-07-31,1377.4800,
2017-08-01,1357.8800,
2017-08-02,1433.7400,
2017-08-03,1452.6800,
2017-08-04,1438.4600,1412.0500
2017-08-07,1439.5000,
2017-08-08,1426.7300,
2017-08-09,1443.4200,
2017-08-10,1429.0300,
2017-08-11,1419.3800,1431.6100
2017-08-14,1443.9500,
2017-08-15,1436.8700,
2017-08-16,1438.8500,
2017-08-17,1458.4700,
2017-08-18,1466.2700,1448.8800
2017-08-21,1449.0900,
2017-08-22,1438.8500,
2017-08-23,1408.5100,
2017-08-24,1446.1200,
2017-08-25,1456.5900,1439.8300
2017-08-28,1493.1600,
2017-08-29,1461.9600,
2017-08-30,1461.4500,
2017-08-31,1458.9300,
2017-09-01,1373.7800,1449.8600
2017-09-04,1516.1300,
2017-09-05,1495.8100,
2017-09-06,1508.5900,
2017-09-07,1515.4900,
2017-09-08,1510.5300,1509.3100
2017-09-11,1493.4900,
2017-09-12,1493.8400,
2017-09-13,1487.1900,
2017-09-14,1473.9100,
2017-09-15,1550.8300,1499.8500
2017-09-18,1543.3300,
2017-09-19,1537.8300,
2017-09-20,1530.5200,
2017-09-21,1532.0300,
2017-09-22,1533.2800,1535.4000
2017-09-25,1533.9700,
2017-09-26,1413.0900,
2017-09-27,1390.0600,
2017-09-28,1407.0800,
2017-09-29,1376.5200,1424.1400
2017-10-02,1391.4300,
2017-10-03,1374.0900,
2017-10-04,1350.8300,
2017-10-05,1328.8700,
2017-10-06,1223.5600,1333.7600
2017-10-09,1227.2800,
2017-10-10,1213.8400,
2017-10-11,1210.6100,
2017-10-12,1179.2400,
2017-10-13,1175.5800,1201.3100
2017-10-16,1199.0100,
2017-10-17,1187.5800,
2017-10-18,1175.9300,
2017-10-19,1182.6600,
2017-10-20,1171.0000,1183.2400
2017-10-23,1158.9200,
2017-10-24,1160.4000,
2017-10-25,1160.2900,
2017-10-26,1150.4400,
2017-10-27,1148.4700,1155.7000
2017-10-30,1148.6000,
2017-10-31,1163.5300,
2017-11-01,1306.7400,
2017-11-02,1318.9900,
2017-11-03,1314.8500,1250.5400
2017-11-06,1300.0600,
2017-11-07,1303.1700,
2017-11-08,1297.4100,
2017-11-09,1300.4300,
2017-11-10,1288.4300,1297.9000
2017-11-13,1277.4900,
2017-11-14,1261.4100,
2017-11-15,1176.5700,
2017-11-16,1188.1500,
2017-11-17,1191.6500,1219.0500
2017-11-20,1142.8200,
2017-11-21,1129.4400,
2017-11-22,1136.5400,
2017-11-23,1270.6000,
2017-11-24,1282.6700,1192.4100
2017-11-27,1211.3900,
2017-11-28,1206.9100,
2017-11-29,1200.0800,
2017-11-30,1199.8100,
2017-12-01,1338.6300,1231.3600
2017-12-04,1284.4400,
2017-12-05,1283.8100,
2017-12-06,1208.6300,
2017-12-07,1216.8700,
2017-12-08,1220.3100,1242.8100
2017-12-11,1152.5500,
2017-12-12,1155.0700,
2017-12-13,1157.2000,
2017-12-14,1157.4600,
2017-12-15,1156.9700,1155.8500
2017-12-18,1321.4700,
2017-12-19,1201.7200,
2017-12-20,1195.7100,
2017-12-21,1196.5700,
2017-12-22,1200.6500,1223.2200
2017-12-25,1207.8500,
2017-12-26,1206.0600,
2017-12-27,1204.9400,
2017-12-28,1198.8300,
2017-12-29,1199.7800,1203.4900
2018-01-01,1287.2700,
2018-01-02,1334.6300,
2018-01-03,1344.0600,
2018-01-04,1333.1900,
2018-01-05,1333.4100,1326.5100
2018-01-08,1339.1000,
2018-01-09,1357.3700,
2018-01-10,1343.9100,
2018-01-11,1339.8400,
2018-01-12,1330.0300,1342.0500
2018-01-15,1320.6900,
2018-01-16,1323.7700,
2018-01-17,1320.4800,
2018-01-18,1309.3000,
2018-01-19,1307.0400,1316.2600
2018-01-22,1322.2200,
2018-01-23,1348.5500,
2018-01-24,1322.0400,
2018-01-25,1350.8500,
2018-01-26,1350.1300,1338.7600
2018-01-29,1369.1000,
2018-01-30,1365.6200,
2018-01-31,1351.2700,
2018-02-01,1330.8000,
2018-02-02,1344.1100,1352.1800
2018-02-05,1366.0700,
2018-02-06,1409.0000,
2018-02-07,1424.7100,
2018-02-08,1419.6800,
2018-02-09,1402.7100,1404.4300
2018-02-12,1368.6000,
2018-02-13,1382.7700,
2018-02-14,1368.1600,
2018-02-15,1389.7900,
2018-02-16,1383.2100,1378.5100
2018-02-19,1390.9200,
2018-02-20,1391.1800,
2018-02-21,1394.1100,
2018-02-22,1419.7600,
2018-02-23,1408.7700,1400.9500
2018-02-26,1392.6800,
2018-02-27,1382.2700,
2018-02-28,1381.0800,
2018-03-01,1299.0600,
2018-03-02,1272.0100,1345.4200
2018-03-05,1273.0100,
2018-03-06,1265.0200,
2018-03-07,1252.6200,
2018-03-08,1253.7900,
2018-03-09,1252.5600,1259.4000
2018-03-12,1232.3900,
2018-03-13,1217.9000,
2018-03-14,1211.2300,
2018-03-15,1173.0800,
2018-03-16,1175.1500,1201.9500
2018-03-19,1174.2700,
2018-03-20,1171.5600,
2018-03-21,1157.1600,
2018-03-22,1132.6800,
2018-03-23,1132.5700,1153.6500
2018-03-26,1149.7700,
2018-03-27,1128.9100,
2018-03-28,1138.5600,
2018-03-29,1132.0200,
2018-03-30,1123.5200,1134.5600
2018-04-02,1118.4600,
2018-04-03,1023.1000,
2018-04-04,1026.5000,
2018-04-05,1026.6700,
2018-04-06,1044.8500,1047.9200
2018-04-09,1076.0800,
2018-04-10,1079.5000,
2018-04-11,1074.1600,
2018-04-12,1087.9100,
2018-04-13,1087.6800,1081.0700
2018-04-16,1132.7900,
2018-04-17,1118.9400,
2018-04-18,1113.4100,
2018-04-19,1127.2600,
2018-04-20,1124.1000,1123.3000
2018-04-23,1137.2000,
2018-04-24,1126.4200,
2018-04-25,1127.9300,
2018-04-26,1138.9600,
2018-04-27,1131.1500,1132.3300
2018-04-30,1145.3700,
2018-05-01,1109.4900,
2018-05-02,1253.1500,
2018-05-03,1267.2600,
2018-05-04,1263.8800,1207.8300
2018-05-07,1241.2000,
2018-05-08,1268.9200,
2018-05-09,1273.1000,
2018-05-10,1265.2500,
2018-05-11,1257.3900,1261.1700
2018-05-14,1261.5800,
2018-05-15,1239.4400,
2018-05-16,1249.1800,
2018-05-17,1244.4100,
2018-05-18,1245.5700,1248.0400
2018-05-21,1265.1000,
2018-05-22,1233.2200,
2018-05-23,1223.1600,
2018-05-24,1226.2700,
2018-05-25,1227.0800,1234.9700
2018-05-28,1231.5800,
2018-05-29,1236.6900,
2018-05-30,1233.9600,
2018-05-31,1228.0400,
2018-06-01,1204.7500,1227.0000
2018-06-04,1306.4600,
2018-06-05,1324.8000,
2018-06-06,1338.2100,
2018-06-07,1330.0500,
2018-06-08,1329.7100,1325.8500
2018-06-11,1326.3700,
2018-06-12,1302.7200,
2018-06-13,1300.9400,
2018-06-14,1290.5400,
2018-06-15,1269.0900,1297.9300
2018-06-18,1276.4100,
2018-06-19,1276.7100,
2018-06-20,1276.7200,
2018-06-21,1281.4800,
2018-06-22,1273.0800,1276.8800
2018-06-25,1255.1200,
2018-06-26,1258.2700,
2018-06-27,1251.1600,
2018-06-28,1253.3300,
2018-06-29,1258.6600,1255.3100
2018-07-02,1531.8200,
2018-07-03,1523.2500,
2018-07-04,1492.2700,
2018-07-05,1445.4100,
2018-07-06,1438.8700,1486.3200
2018-07-09,1467.4900,
2018-07-10,1448.1200,
2018-07-11,1433.5300,
2018-07-12,1440.8100,
2018-07-13,1442.9200,1446.5700
2018-07-16,1429.3300,
2018-07-17,1412.5900,
2018-07-18,1407.4600,
2018-07-19,1413.7000,
2018-07-20,1405.7800,1413.7700
2018-07-23,1415.9900,
2018-07-24,1426.0200,
2018-07-25,1439.7500,
2018-07-26,1441.2600,
2018-07-27,1438.4500,1432.2900
2018-07-30,1431.9700,
2018-07-31,1429.4500,
2018-08-01,1536.4700,
2018-08-02,1604.9000,
2018-08-03,1592.5100,1519.0600
2018-08-06,1597.4400,
2018-08-07,1608.2300,
2018-08-08,1605.9100,
2018-08-09,1595.6900,
2018-08-10,1593.8500,1600.2200
2018-08-13,1582.1100,
2018-08-14,1558.9300,
2018-08-15,1563.0900,
2018-08-16,1578.6800,
2018-08-17,1605.0800,1577.5800
2018-08-20,1618.5900,
2018-08-21,1613.2100,
2018-08-22,1619.5600,
2018-08-23,1617.9300,
2018-08-24,1620.9700,1618.0500
2018-08-27,1628.7400,
2018-08-28,1620.3500,
2018-08-29,1618.5300,
2018-08-30,1614.9100,
2018-08-31,1612.0100,1618.9100
2018-09-03,1718.2300,
2018-09-04,1739.9800,
2018-09-05,1711.7700,
2018-09-06,1705.3500,
2018-09-07,1694.7900,1714.0200
2018-09-10,1647.9800,
2018-09-11,1641.0800,
2018-09-12,1642.5000,
2018-09-13,1650.8500,
2018-09-14,1646.8700,1645.8600
2018-09-17,1651.1800,
2018-09-18,1653.0500,
2018-09-19,1637.5700,
2018-09-20,1635.8900,
2018-09-21,1631.0500,1641.7500
2018-09-24,1624.9300,
2018-09-25,1649.1700,
2018-09-26,1648.6600,
2018-09-27,1621.9300,
2018-09-28,1623.8000,1633.7000
2018-10-01,1623.5300,
2018-10-02,1624.6400,
2018-10-03,1609.5300,
2018-10-04,1611.4400,
2018-10-05,1607.3300,1615.2900
2018-10-08,1592.9300,
2018-10-09,1607.4200,
2018-10-10,1610.4100,
2018-10-11,1577.1900,
2018-10-12,1569.9800,1591.5900
2018-10-15,1394.3600,
2018-10-16,1599.1200,
2018-10-17,1598.0200,
2018-10-18,1598.0100,
2018-10-19,1595.4500,1556.9900
2018-10-22,1598.9200,
2018-10-23,1595.8400,
2018-10-24,1601.9500,
2018-10-25,1606.2900,
2018-10-26,1608.5500,1602.3100
2018-10-29,1604.5000,
2018-10-30,1596.7800,
2018-10-31,1598.4000,
2018-11-01,1667.2900,
2018-11-02,1698.6300,1633.1200
2018-11-05,1690.6400,
2018-11-06,1689.7200,
2018-11-07,1686.0400,
2018-11-08,1665.4500,
2018-11-09,1661.6600,1678.7000
2018-11-12,1633.7100,
2018-11-13,1620.5400,
2018-11-14,1638.8900,
2018-11-15,1618.6900,
2018-11-16,1650.5600,1632.4800
2018-11-19,1644.5600,
2018-11-20,1641.2100,
2018-11-21,1631.3500,
2018-11-22,1635.9100,
2018-11-23,1616.0300,1633.8100
2018-11-26,1613.4000,
2018-11-27,1583.1400,
2018-11-28,1621.3700,
2018-11-29,1579.0900,
2018-11-30,1575.2200,1594.4400
2018-12-03,1574.6500,
2018-12-04,1801.1300,
2018-12-05,1642.2000,
2018-12-06,1601.9400,
2018-12-07,1594.6900,1642.9200
2018-12-10,1600.7800,
2018-12-11,1535.3600,
2018-12-12,1532.1600,
2018-12-13,1526.8000,
2018-12-14,1526.8200,1544.3800
2018-12-17,1465.4800,
2018-12-18,1436.2800,
2018-12-19,1416.8300,
2018-12-20,1420.5500,
2018-12-21,1440.3300,1435.8900
2018-12-24,1411.2400,
2018-12-25,1421.6600,
2018-12-26,1417.6000,
2018-12-27,1403.7000,
2018-12-28,1417.0300,1414.2500
2018-12-31,1413.8200,
2019-01-01,1487.0000,
2019-01-02,1552.8000,
2019-01-03,1550.2900,
2019-01-04,1569.1500,1514.6100
2019-01-07,1598.3400,
2019-01-08,1588.7100,
2019-01-09,1553.3900,
2019-01-10,1528.4500,
2019-01-11,1527.5800,1559.2900
2019-01-14,1528.1100,
2019-01-15,1486.5300,
2019-01-16,1631.4500,
2019-01-17,1609.4400,
2019-01-18,1620.9100,1575.2900
2019-01-21,1600.5400,
2019-01-22,1595.9000,
2019-01-23,1612.3100,
2019-01-24,1611.7600,
2019-01-25,1592.4800,1602.6000
2019-01-28,1603.5600,
2019-01-29,1582.5300,
2019-01-30,1596.6300,
2019-01-31,1585.1900,
2019-02-01,1572.3900,1588.0600
2019-02-04,1562.0600,
2019-02-05,1541.2400,
2019-02-06,1529.5200,
2019-02-07,1531.3000,
2019-02-08,1536.2900,1540.0800
2019-02-11,1572.6700,
2019-02-12,1588.9000,
2019-02-13,1586.2700,
2019-02-14,1579.6300,
2019-02-15,1541.1100,1573.7200
2019-02-18,1518.2800,
2019-02-19,1509.6100,
2019-02-20,1511.5800,
2019-02-21,1514.2300,
2019-02-22,1504.0200,1511.5400
2019-02-25,1507.5400,
2019-02-26,1493.2700,
2019-02-27,1472.5200,
2019-02-28,1463.1200,
2019-03-01,1472.4500,1481.7800
2019-03-04,1450.3700,
2019-03-05,1431.0700,
2019-03-06,1423.6600,
2019-03-07,1396.6800,
2019-03-08,1396.7800,1419.7100
2019-03-11,1396.9500,
2019-03-12,1380.1100,
2019-03-13,1367.4300,
2019-03-14,1339.7300,
2019-03-15,1302.7200,1357.3900
2019-03-18,1295.2300,
2019-03-19,1286.0200,
2019-03-20,1275.9700,
2019-03-21,1276.8500,
2019-03-22,1264.5800,1279.7300
2019-03-25,1314.5200,
2019-03-26,1293.0000,
2019-03-27,1303.0400,
2019-03-28,1299.9400,
2019-03-29,1289.3100,1299.9600
2019-04-01,1313.6600,
2019-04-02,1408.0300,
2019-04-03,1405.8800,
2019-04-04,1393.9900,
2019-04-05,1386.3300,1381.5800
2019-04-08,1381.9700,
2019-04-09,1380.8000,
2019-04-10,1367.1800,
2019-04-11,1382.1400,
2019-04-12,1380.4300,1378.5000
2019-04-15,1311.8700,
2019-04-16,1337.9000,
2019-04-17,1341.3800,
2019-04-18,1335.0700,
2019-04-19,1343.4200,1333.9300
2019-04-22,1343.9900,
2019-04-23,1337.5900,
2019-04-24,1327.6500,
2019-04-25,1330.4800,
2019-04-26,1331.6000,1334.2600
2019-04-29,1342.4000,
2019-04-30,1345.1800,
2019-05-01,1426.6300,
2019-05-02,1418.3200,
2019-05-03,1408.6700,1388.2400
2019-05-06,1410.4700,
2019-05-07,1419.4300,
2019-05-08,1419.8100,
2019-05-09,1397.0000,
2019-05-10,1390.0700,1407.3600
2019-05-13,1404.6000,
2019-05-14,1405.9100,
2019-05-15,1371.6500,
2019-05-16,1314.2500,
2019-05-17,1335.2000,1366.3200
2019-05-20,1295.7000,
2019-05-21,1292.9900,
2019-05-22,1307.3200,
2019-05-23,1290.6200,
2019-05-24,1291.8300,1295.6900
2019-05-27,1312.3200,
2019-05-28,1280.5200,
2019-05-29,1285.4300,
2019-05-30,1283.3200,
2019-05-31,1282.8900,1288.9000
2019-06-03,1351.6000,
2019-06-04,1373.4100,
2019-06-05,1366.8100,
2019-06-06,1357.1900,
2019-06-07,1361.1000,1362.0200
2019-06-10,1348.3000,
2019-06-11,1355.4900,
2019-06-12,1334.9200,
2019-06-13,1330.9000,
2019-06-14,1329.8000,1339.8800
2019-06-17,1318.9300,
2019-06-18,1298.7500,
2019-06-19,1308.5400,
2019-06-20,1304.4500,
2019-06-21,1302.0800,1306.5500
2019-06-24,1313.5600,
2019-06-25,1318.5900,
2019-06-26,1317.0100,
2019-06-27,1313.1400,
2019-06-28,1323.3300,1317.1300
2019-07-01,1341.3800,
2019-07-02,1415.1600,
2019-07-03,1365.0900,
2019-07-04,1393.9800,
2019-07-05,1390.1800,1373.8800
2019-07-08,1404.8400,
2019-07-09,1410.1500,
2019-07-10,1400.8000,
2019-07-11,1393.9600,
2019-07-12,1387.3400,1399.4200
2019-07-15,1343.9300,
2019-07-16,1402.1700,
2019-07-17,1384.2100,
2019-07-18,1368.5000,
2019-07-19,1369.0700,1373.5800
2019-07-22,1360.5800,
2019-07-23,1325.9200,
2019-07-24,1337.0700,
2019-07-25,1333.7100,
2019-07-26,1353.1500,1342.0900
2019-07-29,1360.6700,
2019-07-30,1358.1800,
2019-07-31,1343.6700,
2019-08-01,1352.3400,
2019-08-02,1340.8600,1351.1400
2019-08-05,1302.1300,
2019-08-06,1341.5900,
2019-08-07,1454.3600,
2019-08-08,1440.5200,
2019-08-09,1437.3200,1395.1800
2019-08-12,1317.7900,
2019-08-13,1322.1800,
2019-08-14,1359.3700,
2019-08-15,1345.1700,
2019-08-16,1344.1500,1337.7300
2019-08-19,1351.5800,
2019-08-20,1353.5000,
2019-08-21,1359.0600,
2019-08-22,1353.0900,
2019-08-23,1337.6200,1350.9700
2019-08-26,1337.0300,
2019-08-27,1344.0000,
2019-08-28,1353.2100,
2019-08-29,1358.0000,
2019-08-30,1358.0300,1350.0500
2019-09-02,1408.2400,
2019-09-03,1391.4800,
2019-09-04,1389.3300,
2019-09-05,1380.9500,
2019-09-06,1408.3500,1395.6700
2019-09-09,1372.4100,
2019-09-10,1377.1500,
2019-09-11,1371.5700,
2019-09-12,1333.4900,
2019-09-13,1325.0000,1355.9200
2019-09-16,1314.8800,
2019-09-17,1312.7300,
2019-09-18,1307.8800,
2019-09-19,1299.7900,
2019-09-20,1293.3400,1305.7200
2019-09-23,1299.7300,
2019-09-24,1282.5000,
2019-09-25,1273.4200,
2019-09-26,1269.0000,
2019-09-27,1272.5900,1279.4500
2019-09-30,1269.4200,
2019-10-01,1269.6600,
2019-10-02,1268.7700,
2019-10-03,1278.4500,
2019-10-04,1260.1000,1269.2800
2019-10-07,1256.8300,
2019-10-08,1251.1900,
2019-10-09,1228.9300,
2019-10-10,1229.5300,
2019-10-11,1229.1800,1239.1300
2019-10-14,1235.4400,
2019-10-15,1233.4900,
2019-10-16,1239.5500,
2019-10-17,1235.7300,
2019-10-18,1240.1300,1236.8700
2019-10-21,1222.6300,
2019-10-22,1239.0700,
2019-10-23,1242.8000,
2019-10-24,1242.9900,
2019-10-25,1244.9200,1238.4800
2019-10-28,1242.5400,
2019-10-29,1242.6900,
2019-10-30,1251.8600,
2019-10-31,1244.1500,
2019-11-01,1230.4000,1242.3300
2019-11-04,1305.8400,
2019-11-05,1313.7300,
2019-11-06,1314.9200,
2019-11-07,1319.2300,
2019-11-08,1373.7500,1325.4900
2019-11-11,1376.5800,
2019-11-12,1367.2600,
2019-11-13,1361.2000,
2019-11-14,1353.8100,
2019-11-15,1352.4000,1362.2500
2019-11-18,1338.4600,
2019-11-19,1325.7900,
2019-11-20,1323.6300,
2019-11-21,1320.8300,
2019-11-22,1307.0700,1323.1600
2019-11-25,1296.9400,
2019-11-26,1293.8100,
2019-11-27,1284.6100,
2019-11-28,1289.2300,
2019-11-29,1284.5700,1289.8300
2019-12-02,1307.8700,
2019-12-03,1307.4700,
2019-12-04,1317.5800,
2019-12-05,1319.1500,
2019-12-06,1323.9400,1315.2000
2019-12-09,1383.7800,
2019-12-10,1394.8100,
2019-12-11,1386.0300,
2019-12-12,1390.5400,
2019-12-13,1391.3200,1389.3000
2019-12-16,1423.4900,
2019-12-17,1429.9400,
2019-12-18,1437.2800,
2019-12-19,1430.1500,
2019-12-20,1434.5900,1431.0900
2019-12-23,1452.4000,
2019-12-24,1449.8400,
2019-12-25,1443.1400,
2019-12-26,1442.7700,
2019-12-27,1442.8000,1446.1900
2019-12-30,1441.7500,
2019-12-31,1440.1700,
2020-01-01,1438.8100,
2020-01-02,1490.1500,
2020-01-03,1496.6200,1461.5000
2020-01-06,1503.3800,
2020-01-07,1505.3100,
2020-01-08,1587.0800,
2020-01-09,1589.1400,
2020-01-10,1591.6000,1555.3000
2020-01-13,1588.3100,
2020-01-14,1587.8900,
2020-01-15,1586.8000,
2020-01-16,1568.6100,
2020-01-17,1572.9600,1580.9100
2020-01-20,1543.6200,
2020-01-21,1547.8000,
2020-01-22,1548.0700,
2020-01-23,1550.3600,
2020-01-24,1555.2300,1549.0200
2020-01-27,1542.8900,
2020-01-28,1503.7200,
2020-01-29,1506.0000,
2020-01-30,1510.0500,
2020-01-31,1505.0500,1513.5400
2020-02-03,1473.3400,
2020-02-04,1473.2400,
2020-02-05,1467.9900,
2020-02-06,1461.9500,
2020-02-07,1461.0300,1467.5100
2020-02-10,1454.1900,
2020-02-11,1453.5300,
2020-02-12,1439.3400,
2020-02-13,1436.0100,
2020-02-14,1430.9300,1442.8000
2020-02-17,1371.2000,
2020-02-18,1361.0700,
2020-02-19,1346.0100,
2020-02-20,1337.6000,
2020-02-21,1336.1700,1350.4100
2020-02-24,1329.8600,
2020-02-25,1329.8000,
2020-02-26,1331.4500,
2020-02-27,1330.9200,
2020-02-28,1331.6000,1330.7300
2020-03-02,1369.8400,
2020-03-03,1362.8700,
2020-03-04,1355.4300,
2020-03-05,1354.9700,
2020-03-06,1346.5300,1357.9300
2020-03-09,1351.9700,
2020-03-10,1349.6200,
2020-03-11,1347.1100,
2020-03-12,1340.5500,
2020-03-13,1328.6400,1343.5800
2020-03-16,1355.8000,
2020-03-17,1357.5600,
2020-03-18,1384.8400,
2020-03-19,1392.0400,
2020-03-20,1392.3200,1376.5100
2020-03-23,1403.4700,
2020-03-24,1405.8000,
2020-03-25,1397.9300,
2020-03-26,1395.8500,
2020-03-27,1395.2700,1399.6600
2020-03-30,1410.3800,
2020-03-31,1412.8300,
2020-04-01,1446.0900,
2020-04-02,1445.8100,
2020-04-03,1447.8000,1432.5800
2020-04-06,1459.2800,
2020-04-07,1465.0500,
2020-04-08,1500.5400,
2020-04-09,1468.7600,
2020-04-10,1469.5100,1472.6300
2020-04-13,1473.4500,
2020-04-14,1460.7000,
2020-04-15,1469.8000,
2020-04-16,1467.3200,
2020-04-17,1466.0800,1467.4700
2020-04-20,1457.3900,
2020-04-21,1437.7200,
2020-04-22,1428.5200,
2020-04-23,1432.8700,
2020-04-24,1438.3900,1438.9800
2020-04-27,1441.6400,
2020-04-28,1440.7400,
2020-04-29,1441.6200,
2020-04-30,1452.5100,
2020-05-01,1479.8300,1451.2700
2020-05-04,1487.2100,
2020-05-05,1486.2400,
2020-05-06,1485.5300,
2020-05-07,1478.8200,
2020-05-08,1495.1400,1486.5900
2020-05-11,1497.2300,
2020-05-12,1492.5300,
2020-05-13,1485.9100,
2020-05-14,1481.1700,
2020-05-15,1477.3200,1486.8300
2020-05-18,1472.0000,
2020-05-19,1472.4300,
2020-05-20,1476.6600,
2020-05-21,1474.0800,
2020-05-22,1460.9600,1471.2300
2020-05-25,1455.7400,
2020-05-26,1455.9000,
2020-05-27,1459.8100,
2020-05-28,1460.6900,
2020-05-29,1464.7300,1459.3700
2020-06-01,1540.5200,
2020-06-02,1546.1700,
2020-06-03,1550.8700,
2020-06-04,1555.7300,
2020-06-05,1585.2900,1555.7200
2020-06-08,1668.9300,
2020-06-09,1669.4400,
2020-06-10,1674.5600,
2020-06-11,1673.8000,
2020-06-12,1682.2800,1673.8000
2020-06-15,1743.2000,
2020-06-16,1745.9800,
2020-06-17,1767.1400,
2020-06-18,1772.8600,
2020-06-19,1810.3200,1767.9000
2020-06-22,1794.6200,
2020-06-23,1785.3000,
2020-06-24,1782.0400,
2020-06-25,1780.8900,
2020-06-26,1780.7600,1784.7200
2020-06-29,1778.1100,
2020-06-30,1779.9400,
2020-07-01,1816.6000,
2020-07-02,1839.5100,
2020-07-03,1847.4200,1812.3200
2020-07-06,1863.5500,
2020-07-07,1862.4500,
2020-07-08,1865.6600,
2020-07-09,1861.6200,
2020-07-10,1842.7600,1859.2080
2020-07-13,1837.9500,
2020-07-14,1834.7800,
2020-07-15,1802.4400,
2020-07-16,1802.2300,
2020-07-17,1802.5200,1815.9840
2020-07-20,1799.9800,
2020-07-21,1798.3700,
2020-07-22,1768.6700,
2020-07-23,1764.0100,
2020-07-24,1763.5600,1778.9180
2020-07-27,1762.6800,
2020-07-28,1764.0400,
2020-07-29,1762.3400,
2020-07-30,1761.4400,
2020-07-31,1761.4400,1762.3880
2020-08-03,1796.5100,
2020-08-04,1798.4400,
2020-08-05,1845.1600,
2020-08-06,1845.6600,
2020-08-07,1855.1300,1828.1800
2020-08-10,1852.4800,
2020-08-11,1852.3000,
2020-08-12,1850.6200,
2020-08-13,1841.5900,
2020-08-14,1842.5800,1847.9140
2020-08-17,1877.3000,
2020-08-18,1904.6600,
2020-08-19,1916.7200,
2020-08-20,1929.8200,
2020-08-21,1934.2800,1912.5560
2020-08-24,1949.1800,
2020-08-25,1940.4900,
2020-08-26,1945.8200,
2020-08-27,1945.1800,
2020-08-28,1948.7000,1945.8740
2020-08-31,1950.2300,
2020-09-01,2012.5200,
2020-09-02,2041.0700,
2020-09-03,2074.3100,
2020-09-04,2083.9900,2032.4240
2020-09-07,2097.4600,
2020-09-08,2115.7000,
2020-09-09,2114.2700,
2020-09-10,2115.1300,
2020-09-11,2116.8500,2111.8820
2020-09-14,2118.8000,
2020-09-15,2166.4200,
2020-09-16,2168.3900,
2020-09-17,2191.3000,
2020-09-18,2225.6900,2174.1200
2020-09-21,2237.7100,
2020-09-22,2264.2300,
2020-09-23,2246.0600,
2020-09-24,2246.0600,
2020-09-25,2240.2100,2246.8540
2020-09-28,2236.1000,
2020-09-29,2237.7800,
2020-09-30,2241.3900,
2020-10-01,2267.4200,
2020-10-02,2269.3600,2250.4100
2020-10-05,2247.0000,
2020-10-06,2246.2800,
2020-10-07,2246.2500,
2020-10-08,2236.1300,
2020-10-09,2234.6700,2242.0660
2020-10-12,2233.2100,
2020-10-13,2232.5900,
2020-10-14,2232.5900,
2020-10-15,2231.6500,
2020-10-16,2231.1300,2232.2340
2020-10-19,2229.9900,
2020-10-20,2231.2600,
2020-10-21,2231.3200,
2020-10-22,2228.1500,
2020-10-23,2227.8800,2229.7200
2020-10-26,2229.3000,
2020-10-27,2229.3000,
2020-10-28,2229.3000,
2020-10-29,2233.4000,
2020-10-30,2233.4000,2230.9400
2020-11-02,2262.1000,
2020-11-03,2263.5600,
2020-11-04,2267.0700,
2020-11-05,2262.5300,
2020-11-06,2264.5700,2263.9660
2020-11-09,2279.1600,
2020-11-10,2285.2300,
2020-11-11,2284.9800,
2020-11-12,2301.7000,
2020-11-13,2303.6700,2290.9480
2020-11-16,2345.5700,
2020-11-17,2358.9600,
2020-11-18,2382.6600,
2020-11-19,2384.3200,
2020-11-20,2403.0200,2374.9060
2020-11-23,2435.8600,
2020-11-24,2435.8600,
2020-11-25,2442.0200,
2020-11-26,2434.6100,
2020-11-27,2465.8300,2442.8360
2020-11-30,2482.1400,
2020-12-01,2655.2400,
2020-12-02,2680.2100,
2020-12-03,2723.6800,
2020-12-04,2719.2400,2652.1020
2020-12-07,2744.0700,
2020-12-08,2789.9800,
2020-12-09,2792.0200,
2020-12-10,2793.1300,
2020-12-11,2790.7500,2781.9900
2020-12-14,2799.9400,
2020-12-15,3016.1800,
2020-12-16,3045.3900,
2020-12-17,3061.0300,
2020-12-18,3097.2700,3003.9620
2020-12-21,3097.4700,
2020-12-22,3107.1200,
2020-12-23,3117.9400,
2020-12-24,3128.5100,
2020-12-25,3262.0900,3142.6260
2020-12-28,3371.5600,
2020-12-29,3373.5000,
2020-12-30,3376.5700,
2020-12-31,3376.5700,
2021-01-01,3763.1300,3452.2660
2021-01-04,3657.7100,
2021-01-05,3658.3900,
2021-01-06,3750.2900,
2021-01-07,3908.1900,
2021-01-08,4297.1700,3854.3500
2021-01-11,4320.4600,
2021-01-12,4325.2800,
2021-01-13,4323.9300,
2021-01-14,4327.9400,
2021-01-15,4089.2900,4277.3800
2021-01-18,4115.0600,
2021-01-19,4075.1600,
2021-01-20,4073.3800,
2021-01-21,4366.6800,
2021-01-22,4390.7300,4204.2020
2021-01-25,4393.5200,
2021-01-26,4396.9700,
2021-01-27,4398.5500,
2021-01-28,4400.3100,
2021-01-29,4399.5700,4397.7840
2021-02-01,4407.1700,
2021-02-02,4573.6200,
2021-02-03,4490.5500,
2021-02-04,4355.0700,
2021-02-05,4365.9300,4438.4680
2021-02-08,4224.2700,
2021-02-09,4385.3400,
2021-02-10,4384.4600,
2021-02-11,4465.8000,
2021-02-12,4468.3300,4385.6400
2021-02-15,4437.9400,
2021-02-16,4598.9700,
2021-02-17,4595.7200,
2021-02-18,4638.0500,
2021-02-19,4618.8300,4577.9020
2021-02-22,4537.8000,
2021-02-23,4530.9000,
2021-02-24,4529.0100,
2021-02-25,4528.5000,
2021-02-26,4522.0100,4529.6440
2021-03-01,4319.7900,
2021-03-02,4292.4900,
2021-03-03,4357.2500,
2021-03-04,4297.2800,
2021-03-05,4467.5000,4346.8620
2021-03-08,4449.9200,
2021-03-09,4439.1500,
2021-03-10,4430.9500,
2021-03-11,4542.4800,
2021-03-12,4542.4800,4480.9960
2021-03-15,4251.4100,
2021-03-16,4301.2500,
2021-03-17,4320.6400,
2021-03-18,4322.6500,
2021-03-19,4306.3800,4300.4660
2021-03-22,4240.6500,
2021-03-23,4255.1700,
2021-03-24,4450.9800,
2021-03-25,4451.2900,
2021-03-26,4436.8700,4366.9920
2021-03-29,4435.7300,
2021-03-30,4434.9300,
2021-03-31,4436.6200,
2021-04-01,4442.5100,
2021-04-02,4460.3900,4442.0360
2021-04-05,4460.2200,
2021-04-06,4459.3300,
2021-04-07,4477.8500,
2021-04-08,4520.7200,
2021-04-09,4559.3700,4495.4980
2021-04-12,4557.7700,
2021-04-13,4556.5000,
2021-04-14,4567.5000,
2021-04-15,4617.3900,
2021-04-16,4656.8300,4591.1980
2021-04-19,4722.8700,
2021-04-20,4732.3600,
2021-04-21,4685.5200,
2021-04-22,4679.8800,
2021-04-23,4686.9200,4701.5100
2021-04-26,4690.3700,
2021-04-27,4688.2900,
2021-04-28,4685.9200,
2021-04-29,4682.4000,
2021-04-30,4685.4200,4686.4800
2021-05-03,4892.8300,
2021-05-04,4897.9400,
2021-05-05,4988.9600,
2021-05-06,5000.8400,
2021-05-07,5005.9400,4957.3020
2021-05-10,5175.9800,
2021-05-11,5419.1000,
2021-05-12,5432.0100,
2021-05-13,5433.2500,
2021-05-14,5433.2500,5378.7180
2021-05-17,5557.3400,
2021-05-18,5613.1700,
2021-05-19,5487.4400,
2021-05-20,5528.0800,
2021-05-21,5537.2600,5544.6580
2021-05-24,5830.9200,
2021-05-25,5831.9500,
2021-05-26,5847.1000,
2021-05-27,5959.4300,
2021-05-28,6070.7000,5908.0200
2021-05-31,6071.1300,
2021-06-01,6242.4200,
2021-06-02,6273.7200,
2021-06-03,6323.4000,
2021-06-04,6345.5500,6251.2440
2021-06-07,6442.7400,
2021-06-08,6555.3500,
2021-06-09,6555.3500,
2021-06-10,6664.4700,
2021-06-11,6663.3200,6576.2460
2021-06-14,6687.0400,
2021-06-15,6957.5200,
2021-06-16,6904.3500,
2021-06-17,6752.5100,
2021-06-18,6753.9000,6811.0640
2021-06-21,6772.1400,
2021-06-22,6711.0900,
2021-06-23,6721.2800,
2021-06-24,6781.3500,
2021-06-25,6781.2200,6753.4160
2021-06-28,6790.0000,
2021-06-29,6796.0400,
2021-06-30,6851.3300,
2021-07-01,7207.0900,
2021-07-02,7207.2800,6970.3480
2021-07-05,7225.0000,
2021-07-06,7578.1300,
2021-07-07,7582.7100,
2021-07-08,7828.9000,
2021-07-09,7929.7300,7628.8940
2021-07-12,7987.2800,
2021-07-13,8003.3800,
2021-07-14,8011.8900,
2021-07-15,8007.7400,
2021-07-16,7980.9800,7998.2540
2021-07-19,8400.2800,
2021-07-20,8400.2800,
2021-07-21,8400.2800,
2021-07-22,9713.0000,
2021-07-23,10080.6600,8998.9000
2021-07-26,10176.3500,
2021-07-27,10177.8600,
2021-07-28,10174.4100,
2021-07-29,10174.5000,
2021-07-30,10174.5000,10175.5240
2021-08-02,10517.4400,
2021-08-03,10535.9200,
2021-08-04,10537.2200,
2021-08-05,10540.1900,
2021-08-06,9769.7300,10380.1000
2021-08-09,9568.4500,
2021-08-10,9588.1100,
2021-08-11,9580.2300,
2021-08-12,9574.2200,
2021-08-13,9531.1100,9568.4240
2021-08-16,9602.6700,
2021-08-17,9600.7000,
2021-08-18,10281.7100,
2021-08-19,10288.9500,
2021-08-20,10346.9300,10024.1920
2021-08-23,10343.3300,
2021-08-24,10316.1100,
2021-08-25,10316.1100,
2021-08-26,10321.2900,
2021-08-27,10320.5700,10323.4820
2021-08-30,10320.5700,
2021-08-31,10320.6600,
2021-09-01,10534.2000,
2021-09-02,10532.3100,
2021-09-03,10887.5100,10519.0500
2021-09-06,11048.8900,
2021-09-07,11095.8100,
2021-09-08,11133.5000,
2021-09-09,11137.1400,
2021-09-10,11127.4500,11108.5580
2021-09-13,11134.4400,
2021-09-14,11128.7400,
2021-09-15,11129.0800,
2021-09-16,10793.8000,
2021-09-17,10793.6300,10995.9380
2021-09-20,10795.9100,
2021-09-21,10662.5600,
2021-09-22,10902.9200,
2021-09-23,10919.5900,
2021-09-24,10916.4400,10839.4840
2021-09-27,10922.8900,
2021-09-28,10922.9900,
2021-09-29,10923.3600,
2021-09-30,9939.7300,
2021-10-01,9877.3300,10517.2600
2021-10-04,10072.5600,
2021-10-05,10097.2200,
2021-10-06,10096.8800,
2021-10-07,10097.0100,
2021-10-08,9381.7200,9949.0780
2021-10-11,10400.4000,
2021-10-12,10400.2600,
2021-10-13,10400.8000,
2021-10-14,10400.6200,
2021-10-15,10378.3200,10396.0800
2021-10-18,10357.2000,
2021-10-19,10358.8000,
2021-10-20,10407.0300,
2021-10-21,9977.0000,
2021-10-22,9974.0000,10214.7100
2021-10-25,9979.0000,
2021-10-26,9985.0000,
2021-10-27,9980.0000,
2021-10-28,10830.0000,
2021-10-29,10833.0000,10321.4680
2021-11-01,10521.0000,
2021-11-02,10519.0000,
2021-11-03,10519.0000,
2021-11-04,10530.0000,
2021-11-05,10538.0000,10525.3880
2021-11-08,10525.0000,
2021-11-09,9160.0000,
2021-11-10,9125.0000,
2021-11-11,9137.0000,
2021-11-12,9107.0000,9410.7500
2021-11-15,9115.0000,
2021-11-16,9115.0000,
2021-11-17,9134.0000,
2021-11-18,9290.0000,
2021-11-19,,9202.2280
